编号,名称,升级为,生命(耐久值),速度,攻击间隔,基础攻击,附加攻击,最小射程,最大射程,体型,备注
1,轻步兵,重步兵,1,5,45,6,1,1,1,1,普通兵种
2,重步兵,,2,5,45,6,1,1,1,1,普通兵种
3,短弓兵,长弓兵,1,4,140,6,1,5,25,1,普通兵种
4,长弓兵,,1,4,130,6,1,5,30,1,普通兵种
5,短枪兵,长枪兵,1,5,45,6,1,1,1,1,普通兵种
6,长枪兵,,1,5,45,6,1,1,1,1,普通兵种
7,弩兵,强弩兵,1,5,90,6,1,1,35,1,普通兵种
8,强弩兵,,1,5,80,6,1,1,45,1,普通兵种
9,轻骑兵,重骑兵,2,6,45,7,1,1,1,2,普通兵种
10,重骑兵,,2,7,45,7,1,1,1,2,普通兵种
11,蛮兵,藤甲兵,1,5,45,6,1,1,1,1,普通兵种
12,藤甲兵,,1,5,45,6,1,1,1,1,普通兵种
13,女兵,近卫兵,1,6,65,6,1,1,20,1,普通兵种
14,近卫兵,,1,7,55,6,1,1,25,1,普通兵种
15,猛兽兵,象兵,2,5,45,7,1,1,1,2,普通兵种
16,象兵,,3,3,50,7,1,1,1,2,普通兵种
17,忍者,隐忍,1,7,65,6,1,1,15,1,普通兵种
18,隐忍,,1,8,55,6,1,1,20,1,普通兵种
19,弩车,,2,3,140,7,1,1,50,2,普通兵种
20,投石车,,2,3,160,7,1,5,35,2,普通兵种
21,黄巾兵,黄巾长,1,5,45,6,1,1,1,1,普通兵种
22,黄巾长,,1,5,45,6,1,1,1,1,普通兵种
23,匈奴兵,游骑兵,2,7,45,7,1,1,1,2,普通兵种
24,游骑兵,,2,8,45,7,1,1,1,2,普通兵种
25,浪人,武士,1,4,45,7,1,1,1,1,普通兵种
26,武士,,1,4,45,7,1,1,1,1,普通兵种
27,尸兵,,2,2,45,7,1,1,1,1,普通兵种
28,木人,铁人,3,3,45,7,1,1,1,2,普通兵种
29,铁人,,5,3,45,9,1,1,3,2,普通兵种
30,玄武,,350,7,70,1,0,1,10,2,特殊单位
31,朱雀,,350,7,70,1,0,1,5,2,特殊单位
32,白虎,,350,7,70,1,0,1,10,2,特殊单位
33,青龙,,350,7,70,1,0,1,15,2,特殊单位
34,麒麟,,400,7,60,1,0,1,5,2,特殊单位
35,尸鬼,,45,3,55,1,0,1,1,2,特殊单位
36,炎兽,,50,2,200,1,0,1,5,2,特殊单位
37,井阑,,45,2,180,1,0,1,5,2,特殊单位
38,轒辒车,,40,2,0,1,0,1,1,3,特殊单位
39,符兵,,60,0,0,1,0,1,1,1,特殊单位
40,铁兽,,55,3,200,1,0,1,1,2,特殊单位
41,箭楼,,75,0,180,1,0,1,1,2,特殊单位
42,铜人,,50,3,220,1,0,1,1,2,特殊单位
43,元戒神弩,,150,0,180,1,0,1,1,2,特殊单位
44,奥汀火轮冲,,350,6,240,1,0,1,1,3,特殊单位
45,奥汀大将军,,400,7,120,1,0,1,3,2,特殊单位
46,石墙,,100,0,0,1,0,1,1,1,特殊单位
47,拒马,,45,0,0,1,0,1,1,1,特殊单位
48,铁盾,,150,0,0,1,0,1,1,1,特殊单位
49,龙牙车,,40,5,150,1,0,1,1,2,特殊单位
50,尸兵(特殊),,20,2,45,1,0,1,1,1,特殊单位
51,预备3,,200,3,120,16,0,1,1,2,特殊单位
52,预备4,,200,3,120,16,0,1,1,2,特殊单位
53,预备5,,200,3,120,16,0,1,1,2,特殊单位
54,预备6,,200,3,120,16,0,1,1,2,特殊单位
55,预备7,,200,3,120,16,0,1,1,2,特殊单位
56,预备8,,200,3,120,16,0,1,1,2,特殊单位
57,预备9,,200,3,120,16,0,1,1,2,特殊单位
58,预备10,,200,3,120,16,0,1,1,2,特殊单位
