我方兵种\敌方兵种,武将,轻步兵,重步兵,短弓兵,长弓兵,短枪兵,长枪兵,弩兵,强弩兵,轻骑兵,重骑兵,蛮兵,藤甲兵,女兵,近卫兵,猛兽兵,象兵,忍者,隐忍,弩车,投石车,黄巾兵,黄巾长,匈奴兵,游骑兵,浪人,武士,尸兵,木人,铁人,玄武,朱雀,白虎,青龙,麒麟,尸鬼,炎兽,井阑,轒辒车,符兵,铁兽,箭楼,铜人,元戒神弩,奥汀火轮冲,奥汀大将军,石墙,拒马,铁盾,龙牙车,尸兵(特殊),预备3,预备4,预备5,预备6,预备7,预备8,预备9,预备10
轻步兵,40,50,50,90,90,70,70,90,90,20,20,40,40,60,60,30,30,70,70,80,80,50,50,20,20,40,40,30,40,40,70,50,30,30,30,70,70,90,70,90,70,90,70,90,40,30,100,100,100,70,30,100,100,100,100,100,100,100,100
重步兵,40,55,50,90,90,70,70,90,90,25,25,45,45,60,60,35,35,70,70,80,80,55,55,25,25,45,45,35,45,45,70,55,35,35,35,70,70,90,70,90,70,90,70,90,40,30,100,100,100,70,30,100,100,100,100,100,100,100,100
短弓兵,25,10,10,50,50,40,40,50,50,50,50,25,25,30,30,35,35,20,20,50,50,25,25,20,20,30,30,30,10,10,10,70,30,50,30,70,80,70,70,90,80,70,80,70,10,10,100,100,100,80,30,100,100,100,100,100,100,100,100
长弓兵,25,10,10,50,50,40,40,50,50,50,50,25,25,30,30,35,35,20,20,50,50,25,25,20,20,30,30,30,10,10,10,70,30,50,30,70,80,70,70,90,80,70,80,70,10,10,100,100,100,80,30,100,100,100,100,100,100,100,100
短枪兵,40,30,30,60,60,50,50,60,60,90,90,20,20,30,30,70,70,60,60,60,60,30,30,80,80,20,20,20,20,20,30,30,80,60,30,70,90,70,70,90,90,70,90,70,20,20,100,100,100,90,20,100,100,100,100,100,100,100,100
长枪兵,40,35,35,60,60,55,50,60,60,90,90,25,25,35,35,70,70,60,60,60,60,35,35,80,80,25,25,25,25,25,35,35,80,60,35,70,90,70,70,90,90,70,90,70,20,20,100,100,100,90,20,100,100,100,100,100,100,100,100
弩兵,30,10,10,50,50,40,40,50,50,60,60,50,50,40,40,45,45,30,30,60,60,25,25,30,30,60,60,30,10,10,20,60,40,30,30,70,80,80,70,90,80,80,80,80,10,10,100,100,100,80,30,100,100,100,100,100,100,100,100
强弩兵,30,10,10,50,50,40,40,50,50,60,60,50,50,40,40,45,45,30,30,60,60,25,25,30,30,60,60,30,10,10,20,60,40,30,30,70,80,80,70,90,80,80,80,80,10,10,100,100,100,80,30,100,100,100,100,100,100,100,100
轻骑兵,40,80,80,50,50,10,10,40,40,50,50,55,55,60,60,40,40,30,30,60,70,80,80,60,60,70,70,30,70,70,50,30,50,70,30,90,70,70,90,90,70,70,70,70,50,30,100,100,100,70,30,100,100,100,100,100,100,100,100
重骑兵,40,80,80,50,50,10,10,40,40,50,50,55,55,60,60,40,40,30,30,60,70,80,80,60,60,70,70,30,70,70,50,30,50,70,30,90,70,70,90,90,70,70,70,70,50,30,100,100,100,70,30,100,100,100,100,100,100,100,100
蛮兵,40,60,60,75,75,80,80,50,50,45,45,50,50,90,90,20,20,60,60,70,70,60,60,30,30,30,30,30,70,70,70,50,30,30,30,70,70,70,90,90,70,70,70,70,50,30,100,100,100,70,30,100,100,100,100,100,100,100,100
藤甲兵,40,60,60,75,75,80,80,50,50,50,50,55,50,90,90,25,25,60,60,70,70,60,60,35,35,35,35,35,70,70,70,50,30,30,30,70,70,70,90,90,70,70,70,70,50,30,100,100,100,70,30,100,100,100,100,100,100,100,100
女兵,40,40,40,70,70,70,70,60,60,40,40,10,10,50,50,80,80,50,50,50,50,60,60,30,30,40,40,80,60,60,20,70,30,30,30,90,70,80,80,90,70,80,70,80,50,30,100,100,100,70,80,100,100,100,100,100,100,100,100
近卫兵,40,40,40,70,70,70,70,60,60,40,40,10,10,50,50,80,80,50,50,50,50,60,60,30,30,40,40,80,60,60,20,70,30,30,30,90,70,80,80,90,70,80,70,80,50,30,100,100,100,70,80,100,100,100,100,100,100,100,100
猛兽兵,40,70,70,65,65,30,30,55,55,60,60,80,80,20,20,50,50,20,20,65,65,70,70,70,70,60,60,40,40,40,70,40,60,60,30,80,90,80,70,90,90,80,90,80,40,30,100,100,100,90,40,100,100,100,100,100,100,100,100
象兵,40,70,70,65,65,30,30,55,55,60,60,80,80,20,20,50,50,20,20,65,65,70,70,70,70,60,60,40,40,40,70,40,60,60,30,80,90,80,70,90,90,80,90,80,40,30,100,100,100,90,40,100,100,100,100,100,100,100,100
忍者,40,30,30,80,80,40,40,70,70,70,70,40,40,50,50,80,80,50,50,50,50,60,60,30,30,10,10,60,80,80,20,70,30,30,30,90,70,90,90,90,70,90,70,90,40,30,100,100,100,70,60,100,100,100,100,100,100,100,100
隐忍,40,30,30,80,80,40,40,70,70,70,70,40,40,50,50,80,80,50,50,50,50,60,60,30,30,10,10,60,80,80,20,70,30,30,30,90,70,90,90,90,70,90,70,90,40,30,100,100,100,70,60,100,100,100,100,100,100,100,100
弩车,30,20,20,50,50,40,40,40,40,40,40,30,30,50,50,35,35,50,50,50,50,30,30,20,20,30,30,30,10,10,30,50,30,20,30,70,70,70,70,90,70,70,70,70,10,10,100,100,100,70,30,100,100,100,100,100,100,100,100
投石车,30,20,20,50,50,40,40,40,40,30,30,30,30,50,50,35,35,50,50,50,50,40,40,20,20,30,30,30,20,20,30,50,30,20,30,70,70,70,70,90,70,70,70,70,20,20,100,100,100,70,30,100,100,100,100,100,100,100,100
黄巾兵,40,50,50,75,75,70,70,75,75,20,20,40,40,40,40,30,30,40,40,70,60,50,50,20,20,30,30,70,45,45,70,50,30,30,30,80,70,90,70,90,70,90,70,90,45,35,100,100,100,70,70,100,100,100,100,100,100,100,100
黄巾长,45,55,55,75,75,70,70,75,75,25,25,45,45,45,45,35,35,45,45,70,60,55,50,25,25,35,35,70,45,45,70,50,30,30,30,80,70,90,70,90,70,90,70,90,45,35,100,100,100,70,70,100,100,100,100,100,100,100,100
匈奴兵,40,80,80,80,80,20,20,70,70,40,40,70,70,70,70,30,30,70,70,80,80,80,80,50,50,60,60,70,30,30,50,30,50,80,30,90,80,70,80,90,80,70,80,70,30,30,100,100,100,80,70,100,100,100,100,100,100,100,100
游骑兵,40,80,80,80,80,20,20,70,70,40,40,70,70,70,70,30,30,70,70,80,80,80,80,50,50,60,60,70,30,30,50,30,50,80,30,90,80,70,80,90,80,70,80,70,30,30,100,100,100,80,70,100,100,100,100,100,100,100,100
浪人,40,60,60,70,70,80,80,40,40,30,30,70,70,60,60,40,40,90,90,70,70,70,70,40,40,50,50,80,40,40,70,50,30,30,30,90,70,70,70,90,70,70,70,70,40,30,100,100,100,70,80,100,100,100,100,100,100,100,100
武士,40,60,60,70,70,80,80,45,45,35,35,70,70,60,60,45,45,90,90,70,70,70,70,45,45,55,50,80,40,40,70,50,30,30,30,90,70,70,70,90,70,70,70,70,40,30,100,100,100,70,80,100,100,100,100,100,100,100,100
尸兵,40,70,70,70,70,80,80,70,70,70,70,70,70,20,20,60,60,40,40,70,70,30,30,30,30,20,20,50,40,40,80,10,50,20,30,80,70,90,80,90,70,90,70,90,40,30,100,100,100,70,50,100,100,100,100,100,100,100,100
木人,40,60,60,90,90,80,80,90,90,30,30,30,30,40,40,60,60,20,20,90,80,55,55,70,70,60,60,60,50,50,70,10,20,50,30,80,70,90,80,90,70,90,70,90,50,40,100,100,100,70,60,100,100,100,100,100,100,100,100
铁人,40,60,60,90,90,80,80,90,90,30,30,30,30,40,40,60,60,20,20,90,80,55,55,70,70,60,60,60,50,50,70,10,20,50,30,80,70,90,80,90,70,90,70,90,50,40,100,100,100,70,60,100,100,100,100,100,100,100,100
玄武,100,100,100,100,100,100,100,100,100,100,100,100,100,100,100,100,100,100,100,100,100,100,100,100,100,100,100,100,100,100,100,100,100,100,100,100,100,100,100,100,100,100,100,100,100,100,100,100,100,100,100,100,100,100,100,100,100,100,100
朱雀,100,100,100,100,100,100,100,100,100,100,100,100,100,100,100,100,100,100,100,100,100,100,100,100,100,100,100,100,100,100,100,100,100,100,100,100,100,100,100,100,100,100,100,100,100,100,100,100,100,100,100,100,100,100,100,100,100,100,100
白虎,100,100,100,100,100,100,100,100,100,100,100,100,100,100,100,100,100,100,100,100,100,100,100,100,100,100,100,100,100,100,100,100,100,100,100,100,100,100,100,100,100,100,100,100,100,100,100,100,100,100,100,100,100,100,100,100,100,100,100
青龙,100,100,100,100,100,100,100,100,100,100,100,100,100,100,100,100,100,100,100,100,100,100,100,100,100,100,100,100,100,100,100,100,100,100,100,100,100,100,100,100,100,100,100,100,100,100,100,100,100,100,100,100,100,100,100,100,100,100,100
麒麟,100,100,100,100,100,100,100,100,100,100,100,100,100,100,100,100,100,100,100,100,100,100,100,100,100,100,100,100,100,100,100,100,100,100,100,100,100,100,100,100,100,100,100,100,100,100,100,100,100,100,100,100,100,100,100,100,100,100,100
尸鬼,100,100,100,100,100,100,100,100,100,100,100,100,100,100,100,100,100,100,100,100,100,100,100,100,100,100,100,100,100,100,100,100,100,100,100,100,100,100,100,100,100,100,100,100,100,100,100,100,100,100,100,100,100,100,100,100,100,100,100
炎兽,100,100,100,100,100,100,100,100,100,100,100,100,100,100,100,100,100,100,100,100,100,100,100,100,100,100,100,100,100,100,100,100,100,100,100,100,100,100,100,100,100,100,100,100,100,100,100,100,100,100,100,100,100,100,100,100,100,100,100
井阑,100,100,100,100,100,100,100,100,100,100,100,100,100,100,100,100,100,100,100,100,100,100,100,100,100,100,100,100,100,100,100,100,100,100,100,100,100,100,100,100,100,100,100,100,100,100,100,100,100,100,100,100,100,100,100,100,100,100,100
轒辒车,100,100,100,100,100,100,100,100,100,100,100,100,100,100,100,100,100,100,100,100,100,100,100,100,100,100,100,100,100,100,100,100,100,100,100,100,100,100,100,100,100,100,100,100,100,100,100,100,100,100,100,100,100,100,100,100,100,100,100
符兵,100,100,100,100,100,100,100,100,100,100,100,100,100,100,100,100,100,100,100,100,100,100,100,100,100,100,100,100,100,100,100,100,100,100,100,100,100,100,100,100,100,100,100,100,100,100,100,100,100,100,100,100,100,100,100,100,100,100,100
铁兽,100,100,100,100,100,100,100,100,100,100,100,100,100,100,100,100,100,100,100,100,100,100,100,100,100,100,100,100,100,100,100,100,100,100,100,100,100,100,100,100,100,100,100,100,100,100,100,100,100,100,100,100,100,100,100,100,100,100,100
箭楼,100,100,100,100,100,100,100,100,100,100,100,100,100,100,100,100,100,100,100,100,100,100,100,100,100,100,100,100,100,100,100,100,100,100,100,100,100,100,100,100,100,100,100,100,100,100,100,100,100,100,100,100,100,100,100,100,100,100,100
铜人,100,100,100,100,100,100,100,100,100,100,100,100,100,100,100,100,100,100,100,100,100,100,100,100,100,100,100,100,100,100,100,100,100,100,100,100,100,100,100,100,100,100,100,100,100,100,100,100,100,100,100,100,100,100,100,100,100,100,100
元戒神弩,100,100,100,100,100,100,100,100,100,100,100,100,100,100,100,100,100,100,100,100,100,100,100,100,100,100,100,100,100,100,100,100,100,100,100,100,100,100,100,100,100,100,100,100,100,100,100,100,100,100,100,100,100,100,100,100,100,100,100
奥汀火轮冲,100,100,100,100,100,100,100,100,100,100,100,100,100,100,100,100,100,100,100,100,100,100,100,100,100,100,100,100,100,100,100,100,100,100,100,100,100,100,100,100,100,100,100,100,100,100,100,100,100,100,100,100,100,100,100,100,100,100,100
奥汀大将军,100,100,100,100,100,100,100,100,100,100,100,100,100,100,100,100,100,100,100,100,100,100,100,100,100,100,100,100,100,100,100,100,100,100,100,100,100,100,100,100,100,100,100,100,100,100,100,100,100,100,100,100,100,100,100,100,100,100,100
石墙,100,100,100,100,100,100,100,100,100,100,100,100,100,100,100,100,100,100,100,100,100,100,100,100,100,100,100,100,100,100,100,100,100,100,100,100,100,100,100,100,100,100,100,100,100,100,100,100,100,100,100,100,100,100,100,100,100,100,100
拒马,100,100,100,100,100,100,100,100,100,100,100,100,100,100,100,100,100,100,100,100,100,100,100,100,100,100,100,100,100,100,100,100,100,100,100,100,100,100,100,100,100,100,100,100,100,100,100,100,100,100,100,100,100,100,100,100,100,100,100
铁盾,100,100,100,100,100,100,100,100,100,100,100,100,100,100,100,100,100,100,100,100,100,100,100,100,100,100,100,100,100,100,100,100,100,100,100,100,100,100,100,100,100,100,100,100,100,100,100,100,100,100,100,100,100,100,100,100,100,100,100
龙牙车,100,100,100,100,100,100,100,100,100,100,100,100,100,100,100,100,100,100,100,100,100,100,100,100,100,100,100,100,100,100,100,100,100,100,100,100,100,100,100,100,100,100,100,100,100,100,100,100,100,100,100,100,100,100,100,100,100,100,100
尸兵(特殊),40,70,70,70,70,80,80,70,70,70,70,70,70,20,20,60,60,40,40,70,70,30,30,30,30,20,20,50,40,40,80,10,50,20,30,80,70,90,80,90,70,90,70,90,40,30,100,100,100,70,50,100,100,100,100,100,100,100,100
预备3,100,100,100,100,100,100,100,100,100,100,100,100,100,100,100,100,100,100,100,100,100,100,100,100,100,100,100,100,100,100,100,100,100,100,100,100,100,100,100,100,100,100,100,100,100,100,100,100,100,100,100,100,100,100,100,100,100,100,100
预备4,100,100,100,100,100,100,100,100,100,100,100,100,100,100,100,100,100,100,100,100,100,100,100,100,100,100,100,100,100,100,100,100,100,100,100,100,100,100,100,100,100,100,100,100,100,100,100,100,100,100,100,100,100,100,100,100,100,100,100
预备5,100,100,100,100,100,100,100,100,100,100,100,100,100,100,100,100,100,100,100,100,100,100,100,100,100,100,100,100,100,100,100,100,100,100,100,100,100,100,100,100,100,100,100,100,100,100,100,100,100,100,100,100,100,100,100,100,100,100,100
预备6,100,100,100,100,100,100,100,100,100,100,100,100,100,100,100,100,100,100,100,100,100,100,100,100,100,100,100,100,100,100,100,100,100,100,100,100,100,100,100,100,100,100,100,100,100,100,100,100,100,100,100,100,100,100,100,100,100,100,100
预备7,100,100,100,100,100,100,100,100,100,100,100,100,100,100,100,100,100,100,100,100,100,100,100,100,100,100,100,100,100,100,100,100,100,100,100,100,100,100,100,100,100,100,100,100,100,100,100,100,100,100,100,100,100,100,100,100,100,100,100
预备8,100,100,100,100,100,100,100,100,100,100,100,100,100,100,100,100,100,100,100,100,100,100,100,100,100,100,100,100,100,100,100,100,100,100,100,100,100,100,100,100,100,100,100,100,100,100,100,100,100,100,100,100,100,100,100,100,100,100,100
预备9,100,100,100,100,100,100,100,100,100,100,100,100,100,100,100,100,100,100,100,100,100,100,100,100,100,100,100,100,100,100,100,100,100,100,100,100,100,100,100,100,100,100,100,100,100,100,100,100,100,100,100,100,100,100,100,100,100,100,100
预备10,100,100,100,100,100,100,100,100,100,100,100,100,100,100,100,100,100,100,100,100,100,100,100,100,100,100,100,100,100,100,100,100,100,100,100,100,100,100,100,100,100,100,100,100,100,100,100,100,100,100,100,100,100,100,100,100,100,100,100
