编号,名称,效果说明,等级,消耗技力,类型,范围,目标,作用对象,持续时间,同族技能,可拆除/克制的技能,单挑可用,野战可用,电脑可用,智力下限,智力上限,武力下限,武力上限,启用,具体数值
01,拨云见日,改变千人战的时间为白昼。,8,30,01,31,11,敌我全体（改天候）,0,,天狗吞日,是,是,是,0,200,70,200,是,全场时间→白昼
02,天狗吞日,改变千人战的时间为夜晚。,8,30,02,21,01,敌我全体（改天候）,0,,拨云见日,是,是,是,0,200,0,69,是,全场时间→夜晚
03,风云变色,改变千人战的天候为下雨。,2,30,03,21,12,敌我全体（改天候）,0,,霜雪覆地,是,是,是,0,200,60,200,是,全场天候→下雨
04,霜雪覆地,改变千人战的天候为下雪。,4,30,04,21,12,敌我全体（改天候）,0,,风云变色,是,是,是,0,200,60,200,是,全场天候→下雪
05,万法自然,消除一切改变天候日夜的法术。,4,35,05,21,12,敌我全体（改天候）,0,,拨云见日、天狗吞日、风云变色、霜雪覆地,是,是,是,0,200,0,59,是,清除全部天候／日夜法术
06,减缓集气,降低敌军的集气速度。,2,36,06,21,13,敌军全体,0,,,是,是,是,0,200,0,59,是,敌军集气速度下降（游戏未给数值）
07,加速集气,提升我军的集气速度。,12,36,07,31,11,我军全体,5,,,是,是,是,0,200,80,200,是,我军集气速度上升（游戏未给数值）
08,后发先至,进入千人战前，预先累积一段气力。,12,35,08,21,01,我军全体,5,后发先至、意发并进、发在意先,,是,是,是,0,200,0,79,是,开战前预积 1 段气力
09,意发并进,进入千人战前，预先累积二段气力。,6,45,08,31,01,我军全体,3,后发先至、意发并进、发在意先,,是,是,是,0,200,80,200,是,开战前预积 2 段气力
10,发在意先,进入千人战前，预先累积三段气力。,16,55,08,31,01,我军全体,3,后发先至、意发并进、发在意先,,是,是,是,70,200,0,200,是,开战前预积 3 段气力
11,意发皆止,消除敌军预先累积的气力。,,45,09,,,敌军全体,,,后发先至、意发并进、发在意先,是,是,是,,,,,是,清除敌军预积气力（此招未开放）
12,顺应天时,加强我军武将技的天候、日夜加乘效果。,16,30,10,31,01,我军全体,3,,,是,是,是,70,200,0,200,是,天候／日夜加乘效果增强（游戏未给数值）
13,逆转天时,消除敌军顺应天时的效果。,16,30,11,31,01,敌军全体,3,,顺应天时,是,是,是,85,200,0,200,是,消除敌军顺应天时
14,顺应地利,运用地利，减轻我军士兵受到的伤害。,16,30,12,31,01,我军全体,3,,,,是,是,85,200,0,200,是,我军士兵受伤减轻（游戏未给数值）
15,逆转地利,消除敌军顺应地利的效果。,20,30,13,31,11,敌军全体,3,,顺应地利,,是,是,80,200,0,200,是,消除敌军顺应地利
16,顺应人和,增强我军兵种相克效果。,20,30,14,21,01,我军全体,3,,,,是,是,80,200,0,79,是,我军兵种相克效果增强（游戏未给数值）
17,逆转人和,消除敌军顺应人和的效果。,24,30,15,31,11,敌军全体,3,,顺应人和,,是,是,80,200,0,200,是,消除敌军顺应人和
18,增敌疲劳,增加敌军所有武将疲劳度。,24,,16,21,01,敌军全体武将,3,,,是,是,是,80,200,0,79,否,敌军全员疲劳度上升（游戏未给数值）
19,减我疲劳,降低我军所有武将疲劳度。,10,,17,31,11,我军全体武将,3,,,是,是,是,0,200,80,200,否,我军全员疲劳度下降（游戏未给数值）
20,减敌将攻,降低敌军武将全员的攻击力。,28,45,18,21,01,敌军全体武将,0,,,是,是,是,90,200,0,200,是,降低约25%（参数 50、0、1；系数 0.25）
21,增我将攻,提升我军武将全员的攻击力。,28,45,19,3,01,我军全体武将,0,,,是,是,是,90,200,0,200,是,提升约25%（参数 30、0、1；系数 0.25）
22,降敌士气,降低敌军所有士兵的士气。,16,30,20,21,11,敌军全体士兵,3,,,,是,是,95,200,0,200,是,降低约40%（参数 40、5、1；系数 0.4）
23,鼓舞士气,提升我军所有士兵的士气。,10,30,21,31,11,我军全体士兵,3,,,,是,是,0,200,0,79,是,提升约40%（参数 40、5、1；系数 0.4）
24,减敌军攻,降低敌军所有士兵的攻击力。,32,40,22,31,11,敌军全体士兵,3,,,,是,是,90,200,0,200,是,敌军士兵攻击力下降（游戏未给数值）
25,增我军攻,提升我军所有士兵的攻击力。,32,40,23,21,21,我军全体士兵,0,,,,是,是,90,200,0,200,是,我军士兵攻击力上升（游戏未给数值）
26,减敌军防,降低敌军所有士兵的防御力。,36,40,24,21,01,敌军全体士兵,3,,,,是,是,95,200,0,200,是,敌军士兵防御力下降（游戏未给数值）
27,增我军防,提升我军所有士兵的防御力。,100,40,25,31,11,我军全体士兵,5,,,,是,是,200,250,200,250,是,我军士兵防御力上升（游戏未给数值）
28,减敌军速,降低敌军所有士兵的移动速度。,100,35,26,37,11,敌军全体士兵,5,,,,是,是,200,250,200,250,是,敌军士兵移动速度下降（游戏未给数值）
29,增我军速,提升我军所有士兵的移动速度。,100,35,27,21,01,我军全体士兵,5,,,,是,是,200,250,200,250,是,我军士兵移动速度上升（游戏未给数值）
30,诅咒,降低敌军的士气、攻击力、防御力、速度。,100,50,28,27,01,敌军全体,5,,,是,是,是,200,250,200,250,是,敌军士气／攻击／防御／速度全下降（游戏未给数值）
31,军魂,提升我军的士气、攻击力、防御力、速度。,100,50,29,61,01,我军全体,0,,,是,是,是,200,250,200,250,是,我军士气／攻击／防御／速度全上升（游戏未给数值）
32,大魔界,大幅降低敌军的士气、攻击力、防御力、速度。,100,65,30,151,02,敌军全体,0,,,是,是,是,200,250,200,250,是,将攻-25%、士气-40%、军防-30%、军速-40%（参数 40、5、1、50、10、1、2；系数 0.25、0.4、0.3、0.4）
33,大天圣,大幅提升我军的士气、攻击力、防御力、速度。,,65,31,151,02,我军全体,1,,,是,是,是,200,250,200,250,是,将攻+25%、士气+40%、军防+30%、军速+40%（参数 40、5、1、50、10、1、2；系数 0.25、0.4、0.3、0.4）
34,无法退兵,封锁战场，敌我双方皆无法退兵。,,30,32,,,敌我双方（战场）,,,预留退路,是,是,是,,,,,是,敌我双方皆无法退兵（有／无）
35,预留退路,解除战场的封锁，消除无法退兵的效果。,,30,33,,,敌我双方（战场）,,,无法退兵,是,是,是,,,,,是,解除战场封锁
36,拒鹿角,在我军阵营前方放四个拒鹿角，敌军碰撞时将造成伤害。,,20,34,,,我方阵营前方,,拒鹿角、拒鹿包围、鹿角十重、鹿角截击、鹿角拦路,,,是,是,,,,,是,4个拒鹿角
37,拒鹿包围,在我军阵营前方放七个拒鹿角，敌军碰撞时将造成伤害。,,25,34,,,我方阵营前方,,拒鹿角、拒鹿包围、鹿角十重、鹿角截击、鹿角拦路,,,是,是,,,,,是,7个拒鹿角
38,鹿角十重,在我军阵营前方放十个拒鹿角，敌军碰撞时将造成伤害。,,30,34,,,我方阵营前方,,拒鹿角、拒鹿包围、鹿角十重、鹿角截击、鹿角拦路,,,是,是,,,,,是,10个拒鹿角
39,鹿角截击,预先埋伏十个拒鹿角，在敌军撤退现形，阻断退路。,,30,34,,,敌军退路（预伏）,,拒鹿角、拒鹿包围、鹿角十重、鹿角截击、鹿角拦路,,,是,是,,,,,是,预伏10个拒鹿角
40,鹿角拦路,预先埋伏十个拒鹿角，在敌军冲锋现形，迎击敌军。,,30,34,,,敌军前方（预伏）,,拒鹿角、拒鹿包围、鹿角十重、鹿角截击、鹿角拦路,,,是,是,,,,,是,预伏10个拒鹿角
41,探查拒鹿,破坏敌军预先埋伏的拒鹿角。,,30,35,,,敌军埋设物,,,拒鹿角、拒鹿包围、鹿角十重、鹿角截击、鹿角拦路,,是,是,,,,,是,破坏敌军全部预伏拒鹿角
42,地雷,埋藏三个敌军碰触马上爆炸的地雷，我军冲锋时，立即于敌阵出现。,,20,36,,,敌阵,,地雷、地雷火、地雷星火、地雷阻敌、地雷伏击,,,是,是,,,,,是,3个地雷
43,地雷火,埋藏六个敌军碰触马上爆炸的地雷，我军冲锋时，立即于敌阵出现。,,25,36,,,敌阵,,地雷、地雷火、地雷星火、地雷阻敌、地雷伏击,,,是,是,,,,,是,6个地雷
44,地雷星火,埋藏九个敌军碰触马上爆炸的地雷，我军冲锋时，立即于敌阵出现。,,30,36,,,敌阵,,地雷、地雷火、地雷星火、地雷阻敌、地雷伏击,,,是,是,,,,,是,9个地雷
45,地雷阻敌,埋藏九个敌军碰触马上爆炸的地雷，敌军冲锋时，立即于敌阵出现。,,30,36,,,敌阵,,地雷、地雷火、地雷星火、地雷阻敌、地雷伏击,,,是,是,,,,,是,9个地雷
46,地雷伏击,埋藏九个敌军碰触马上爆炸的地雷，敌军撤退时，立即于敌阵出现。,,30,36,,,敌阵,,地雷、地雷火、地雷星火、地雷阻敌、地雷伏击,,,是,是,,,,,是,9个地雷
47,探查地雷,破坏敌军预先埋藏的地雷火炮。,,30,37,,,敌军埋设物,,,地雷、地雷火、地雷星火、地雷阻敌、地雷伏击,,是,是,,,,,是,破坏敌军全部预伏地雷
48,地钉,一开战即派四名忍者冲入敌阵，撒下剧毒菱形钉。,,20,38,,,敌阵,,地钉、铁地钉、钢地钉阵、地钉断路、地钉迎敌,,,是,是,,,,,是,4名忍者
49,铁地钉,一开战即派六名忍者冲入敌阵，撒下剧毒菱形钉。,,25,38,,,敌阵,,地钉、铁地钉、钢地钉阵、地钉断路、地钉迎敌,,,是,是,,,,,是,6名忍者
50,钢地钉阵,一开战即派八名忍者冲入敌阵，撒下剧毒菱形钉。,,30,38,,,敌阵,,地钉、铁地钉、钢地钉阵、地钉断路、地钉迎敌,,,是,是,,,,,是,8名忍者
51,地钉断路,埋伏八名忍者，在敌军撤退时冲入敌阵，乘胜追击。,,30,38,,,敌军退路（预伏）,,地钉、铁地钉、钢地钉阵、地钉断路、地钉迎敌,,,是,是,,,,,是,8名忍者
52,地钉迎敌,埋伏八名忍者，在我军冲锋时冲入敌阵，杀伤敌军。,,30,38,,,敌军前方（预伏）,,地钉、铁地钉、钢地钉阵、地钉断路、地钉迎敌,,,是,是,,,,,是,8名忍者
53,探查地钉,破坏敌军预先埋伏的忍者。,,30,39,,,敌军伏兵,,,地钉、铁地钉、钢地钉阵、地钉断路、地钉迎敌,,是,是,,,,,是,破坏敌军全部预伏忍者
54,埋伏班阵,于敌后方埋伏十名伏兵，待敌军有退意时杀出。,,30,40,,,敌军后方（预伏）,,埋伏班阵、埋伏排阵、埋伏连阵,,,是,是,,,,,是,10名伏兵
55,埋伏排阵,于敌后方埋伏三十名伏兵，待敌军有退意时杀出。,,45,40,,,敌军后方（预伏）,,埋伏班阵、埋伏排阵、埋伏连阵,,,是,是,,,,,是,30名伏兵
56,埋伏连阵,于敌后方埋伏五十名伏兵，待敌军有退意时杀出。,,55,40,,,敌军后方（预伏）,,埋伏班阵、埋伏排阵、埋伏连阵,,,是,是,,,,,是,50名伏兵
57,探查埋伏,搜查并诛灭敌军预先埋伏的伏兵。,,45,41,,,敌军伏兵,,,埋伏班阵、埋伏排阵、埋伏连阵,,是,是,,,,,是,诛灭敌军全部预伏伏兵
58,援军班阵,于我军后方埋伏十名援军，我军损伤过半时立即现身支援。,,30,42,,,我军后方（预伏）,,援军班阵、援军排阵、援军连阵,,,是,是,,,,,是,10名援军
59,援军排阵,于我军后方埋伏三十名援军，我军损伤过半时立即现身支援。,,45,42,,,我军后方（预伏）,,援军班阵、援军排阵、援军连阵,,,是,是,,,,,是,30名援军
60,援军连阵,于我军后方埋伏五十名援军，我军损伤过半时立即现身支援。,,55,42,,,我军后方（预伏）,,援军班阵、援军排阵、援军连阵,,,是,是,,,,,是,50名援军
61,探查援军,搜查并诛灭敌军预先埋伏的援军。,,45,43,,,敌军援军,,,援军班阵、援军排阵、援军连阵,,是,是,,,,,是,诛灭敌军全部预伏援军
62,借尸还命,每杀死一个敌兵时，有机率使其复活为尸兵助阵，最多五十名。,,30,44,,,我军（战场）,,借尸还命、借尸还魄、借尸还魂,,,是,是,,,,,是,复活率5%，上限50名（参数 5、1、1；系数 0.05）
63,借尸还魄,每杀死一个敌兵时，有机率使其复活为尸兵助阵，最多一百名。,,45,44,,,我军（战场）,,借尸还命、借尸还魄、借尸还魂,,,是,是,,,,,是,复活率6%，上限100名（参数 10、2、1；系数 0.06）
64,借尸还魂,每杀死一个敌兵时，有机率使其复活为尸兵助阵，最多一百五十名。,,55,44,,,我军（战场）,,借尸还命、借尸还魄、借尸还魂,,,是,是,,,,,是,复活率7%，上限150名（参数 15、3、1；系数 0.07）
65,魂归西天,消除敌方借尸法术的效果。,,45,45,,,敌军借尸法术,,,借尸还命、借尸还魄、借尸还魂,,是,是,,,,,是,消除敌军借尸法术
66,封武将技,封印敌武将的武将技，使其在千人战中无法使用。,,60,46,,,敌军武将,,封武将技、封必杀技,,,是,是,,,,,是,敌武将技完全封印（有／无）
67,封必杀技,封印敌武将的必杀技，使其在千人战中无法使用。,,60,46,,,敌军武将,,封武将技、封必杀技,,,是,是,,,,,是,敌武将必杀技完全封印（有／无）
68,解除封技,解除敌军对我军武将技、必杀技的封印。,,25,47,,,我军武将（解除）,,,封武将技、封必杀技,,是,是,,,,,是,解除我军被封的武将技／必杀技
69,杀气,我军武将使用必杀技的频率略为提高。,,25,48,,,我军武将,,杀气、杀气骤升、杀气腾腾,,是,是,是,,,,,是,必杀技使用频率略提高（游戏未给数值）
70,杀气骤升,我军武将使用必杀技的频率提高许多。,,30,48,,,我军武将,,杀气、杀气骤升、杀气腾腾,,是,是,是,,,,,是,必杀技使用频率提高许多（游戏未给数值）
71,杀气腾腾,我军武将使用必杀技的频率大幅上升。,,35,48,,,我军武将,,杀气、杀气骤升、杀气腾腾,,是,是,是,,,,,是,必杀技使用频率大幅上升（游戏未给数值）
72,压制杀气,消除敌军的杀气，使其无法提高必杀技的使用频率。,,30,49,,,敌军武将,,,杀气、杀气骤升、杀气腾腾,是,是,是,,,,,是,消除敌军杀气
73,施技减半,我军施展的武将技技力消耗减半。,,60,50,,,我军（全场）,,,,是,是,是,,,,,是,我军武将技技力消耗 ×50%
74,施技归一,,,,51,,,（游戏内无说明）,,,,是,是,是,,,,,否,（游戏内无说明，未开放）
75,文成武德,我军武将施展武将技、组合技只消耗一段气力。,,60,52,,,我军武将,,,,,是,是,,,,,是,武将技／组合技只耗 1 段气力
76,暗箭伤人,一开战立即施放暗箭，使敌武将防不胜防。,,35,53,,,敌军武将（开战突袭）,,,,是,是,是,,,,,是,触发率50%（参数 100、30、2；系数 0.5）
77,增加经验,提升领悟力，使得累积经验的效率提高。,,50,54,,,我军（战场）,,,,是,是,,,,,,是,经验+15%（参数 15、0、1；系数 0.15）
78,策反之计,在敌军阵营散布谣言，使部分敌兵倒戈背叛。,,50,55,,,敌军士兵,,,,,是,是,,,,,是,倒戈率20%（参数 20、3、1；系数 0.2）
79,稳定军心,安抚我军士兵，使策反之计失效。,,35,56,,,我军士兵,,,策反之计,,是,是,,,,,是,使敌军策反之计失效
80,石墙阵地,在战场上搭建石墙，可以阻挡敌军部分的远程攻击。,,25,57,,,我军阵地,,石墙阵地、拒马阵地、铁盾阵地,,,是,是,,,,,是,可阻挡敌军部分远程攻击（数量游戏未给）
81,拒马阵地,在战场上搭建拒马，可以阻挡敌军部分的远程攻击。,,25,57,,,我军阵地,,石墙阵地、拒马阵地、铁盾阵地,,,是,是,,,,,是,可阻挡敌军部分远程攻击（数量游戏未给）
82,铁盾阵地,在战场上搭建铁甲巨盾，可以阻挡敌军部分的远程攻击。,,25,57,,,我军阵地,,石墙阵地、拒马阵地、铁盾阵地,,,是,是,,,,,是,可阻挡敌军部分远程攻击（数量游戏未给）
83,破阵大法,破坏敌军于战场上预先搭建的石墙、拒马、铁盾。,,30,58,,,敌军阵地,,,石墙阵地、拒马阵地、铁盾阵地,,是,是,,,,,是,破坏敌军全部石墙／拒马／铁盾
84,回春术,我军所有武将在战场上每秒可回复一点体力。,,35,59,,,我军全体武将,,回春术、回春仙术,,是,是,是,,,,,是,每秒回复1点体力
85,回春仙术,我军所有武将在战场上每秒可回复三点体力。,,45,59,,,我军全体武将,,回春术、回春仙术,,是,是,是,,,,,是,每秒回复3点体力
86,气疗,在战前回复我军所有武将少许体力。,,25,60,,,我军全体武将,,气疗、气疗诀、气疗大法,,是,是,是,,,,,是,回复约30%体力（参数 90、30、1；系数 0.3）
87,气疗诀,在战前回复我军所有武将部分体力。,,30,60,,,我军全体武将,,气疗、气疗诀、气疗大法,,是,是,是,,,,,是,回复约50%体力（参数 150、50、1；系数 0.5）
88,气疗大法,在战前回复我军所有武将大量体力。,,40,60,,,我军全体武将,,气疗、气疗诀、气疗大法,,是,是,是,,,,,是,体力全满（参数 999、999）
89,通天之眼,完全消灭敌军埋伏的拒鹿角、地雷、地钉、伏兵、援军。,,50,61,,,敌军布置物,,,拒鹿角、拒鹿包围、鹿角十重、鹿角截击、鹿角拦路、地雷、地雷火、地雷星火、地雷阻敌、地雷伏击、地钉、铁地钉、钢地钉阵、地钉断路、地钉迎敌、埋伏班阵、埋伏排阵、埋伏连阵、援军班阵、援军排阵、援军连阵、蔽天之幕,,是,是,,,,,是,完全消灭敌军全部预伏物（拒鹿角／地雷／地钉／伏兵／援军）
90,蔽天之幕,敌军无法消灭我军的拒鹿角、地雷、地钉、伏兵、援军。,,50,62,,,我军布置物,,,探查拒鹿、探查地雷、探查地钉、探查埋伏、探查援军、通天之眼,,是,是,,,,,是,敌军无法消灭我军全部预伏物
91,水镜之术,施术军师有机会习得敌方军师在战役中施展的军师技。,,45,63,,,我军军师自身,,,,是,是,,,,,,是,有机率习得敌方军师技（机率游戏未给）
92,逆乾坤,施术军师在战役中暂时大幅降低智力，提高武力。,,50,64,,,我军军师自身,,,,是,是,,,,,,是,智力大幅下降、武力大幅上升（幅度游戏未给）
93,以理降之,,,,65,,,（游戏内无说明）,,以理降之、以力降之,,,是,,,,,,否,（游戏内无说明，未开放）
94,以力降之,,,,65,,,（游戏内无说明）,,以理降之、以力降之,,,是,,,,,,否,（游戏内无说明，未开放）
95,前锋铁兽,派遣两台铁兽车担任前锋，一开战即朝敌方阵地突进。,,30,66,,,我方前锋,,前锋铁兽、铁兽杀阵、铁兽大阵,,,是,是,,,,,是,2台铁兽车
96,铁兽杀阵,派遣四台铁兽车担任前锋，一开战即朝敌方阵地突进。,,40,66,,,我方前锋,,前锋铁兽、铁兽杀阵、铁兽大阵,,,是,是,,,,,是,4台铁兽车
97,铁兽大阵,派遣六台铁兽车担任前锋，一开战即朝敌方阵地突进。,,50,66,,,我方前锋,,前锋铁兽、铁兽杀阵、铁兽大阵,,,是,是,,,,,是,6台铁兽车
98,拆除铁兽,破坏敌方预先派遣的铁兽车。,,40,67,,,敌军铁兽车,,,前锋铁兽、铁兽杀阵、铁兽大阵,,是,是,,,,,是,破坏敌军全部铁兽车
99,前锋箭楼,于我方阵地前建造两座箭楼，待敌军靠近以飞箭射杀。,,30,68,,,我方阵地,,前锋箭楼、箭楼杀阵、箭楼大阵,,,是,是,,,,,是,2座箭楼
100,箭楼杀阵,于我方阵地前建造四座箭楼，待敌军靠近以飞箭射杀。,,40,68,,,我方阵地,,前锋箭楼、箭楼杀阵、箭楼大阵,,,是,是,,,,,是,4座箭楼
101,箭楼大阵,于我方阵地前建造六座箭楼，待敌军靠近以飞箭射杀。,,50,68,,,我方阵地,,前锋箭楼、箭楼杀阵、箭楼大阵,,,是,是,,,,,是,6座箭楼
102,拆除箭楼,破坏敌方预先建造的箭楼。,,40,69,,,敌军箭楼,,,前锋箭楼、箭楼杀阵、箭楼大阵,,是,是,,,,,是,破坏敌军全部箭楼
103,前锋铜人,派遣两台铜人担任前锋，一开战即朝敌方阵地突进。,,30,70,,,我方前锋,,前锋铜人、铜人杀阵、铜人大阵,,,是,是,,,,,是,2台铜人
104,铜人杀阵,派遣四台铁兽担任前锋，一开战即朝敌方阵地突进。,,40,70,,,我方前锋,,前锋铜人、铜人杀阵、铜人大阵,,,是,是,,,,,是,4台铜人
105,铜人大阵,派遣六台铁兽担任前锋，一开战即朝敌方阵地突进。,,50,70,,,我方前锋,,前锋铜人、铜人杀阵、铜人大阵,,,是,是,,,,,是,6台铜人
106,拆除铜人,破坏敌方预先派遣的铜人。,,40,71,,,敌军铜人,,,前锋铜人、铜人杀阵、铜人大阵,,是,是,,,,,是,破坏敌军全部铜人
107,前锋尽灭,完全破坏敌方预先布置的铁兽、箭楼、铜人。,,50,72,,,敌军布置物,,,前锋铁兽、铁兽杀阵、铁兽大阵、前锋箭楼、箭楼杀阵、箭楼大阵、前锋铜人、铜人杀阵、铜人大阵,,是,是,,,,,是,完全破坏敌军铁兽／箭楼／铜人
