剧本,城市编号,城市,君主,人口,民心,金钱,防御,经济,预备兵
黄巾起义,1,西凉,董卓,112500,600,163,125,138,20
黄巾起义,2,陇右,董卓,51000,600,95,154,126,20
黄巾起义,3,安定,,67000,600,101,142,156,20
黄巾起义,4,弘农,何进,134500,600,183,122,175,20
黄巾起义,5,咸阳,,88000,600,250,0,305,20
黄巾起义,6,陈仓,,500,600,0,254,0,20
黄巾起义,7,扶风,,59000,600,190,0,311,20
黄巾起义,8,街亭,,71000,600,130,163,145,20
黄巾起义,9,天水,,76000,600,116,123,141,20
黄巾起义,10,雁门,,500,600,0,310,0,20
黄巾起义,11,绛,,90000,600,200,0,299,20
黄巾起义,12,平阳,,37000,600,80,155,109,20
黄巾起义,13,晋阳,袁绍,71000,600,110,126,142,20
黄巾起义,14,邺,韩馥,159000,600,211,133,122,20
黄巾起义,15,虎牢,,500,600,0,305,0,20
黄巾起义,16,壶关,,500,600,0,290,0,20
黄巾起义,17,界桥,,500,600,0,281,0,20
黄巾起义,18,汜水,,110800,600,220,0,322,20
黄巾起义,19,代郡,刘焉,57500,600,100,136,135,20
黄巾起义,20,平原,张角,113500,600,160,150,141,20
黄巾起义,21,乌巢,,126000,600,100,105,137,20
黄巾起义,22,濮阳,乔玄,144000,600,199,112,154,20
黄巾起义,23,乐陵,,500,600,0,287,0,20
黄巾起义,24,南皮,张角,222000,600,283,185,171,20
黄巾起义,25,高唐,,95500,600,190,0,310,20
黄巾起义,26,北平,公孙瓒,159000,600,212,129,142,20
黄巾起义,27,襄平,刘备,102000,600,145,115,133,20
黄巾起义,28,昌黎,,103000,600,220,0,300,20
黄巾起义,29,乐浪,,132000,600,183,102,98,20
黄巾起义,30,带方,,77000,600,100,117,109,20
黄巾起义,31,下卞,,86000,600,127,136,102,20
黄巾起义,32,祁山,,500,600,0,296,0,20
黄巾起义,33,阳平,,500,600,0,277,0,20
黄巾起义,34,梓潼,,154500,600,208,132,140,20
黄巾起义,35,成都,,230000,600,295,148,162,20
黄巾起义,36,江州,,142500,600,194,154,131,20
黄巾起义,37,五丈原,,500,600,0,241,0,20
黄巾起义,38,白水,,500,600,0,266,0,20
黄巾起义,39,上庸,曹操,108000,600,158,156,166,20
黄巾起义,40,汉中,,240000,600,309,134,147,20
黄巾起义,41,筑阳,,500,600,0,274,0,20
黄巾起义,42,葭萌,,500,600,0,265,0,20
黄巾起义,43,巴郡,,105000,600,268,0,305,20
黄巾起义,44,襄阳,刘表,242000,600,312,145,139,20
黄巾起义,45,白帝,,79000,600,119,157,140,20
黄巾起义,46,临江,,75000,600,215,0,322,20
黄巾起义,47,长阪坡,,500,600,0,270,0,20
黄巾起义,48,乌林,,84000,600,196,0,295,20
黄巾起义,49,郿,,97000,600,230,0,289,20
黄巾起义,50,长安,何进,193000,600,253,175,162,20
黄巾起义,51,洛阳,何进,175000,600,233,187,169,20
黄巾起义,52,宛,张角,195000,600,254,163,154,20
黄巾起义,53,延津,,88000,600,179,0,284,20
黄巾起义,54,官渡,,500,600,0,308,0,20
黄巾起义,55,新野,,110500,600,155,159,140,20
黄巾起义,56,许昌,张角,187500,600,246,154,149,20
黄巾起义,57,汝南,张角,104000,600,149,132,141,20
黄巾起义,58,陈留,张角,150000,600,200,121,155,20
黄巾起义,59,庐江,,264000,600,337,150,125,20
黄巾起义,60,谯,孔岫,171000,600,228,146,157,20
黄巾起义,61,小沛,,160000,600,100,125,139,20
黄巾起义,62,定陶,,500,600,0,293,0,20
黄巾起义,63,乐安,,100000,600,260,0,259,20
黄巾起义,64,北海,龚景,64500,600,105,136,110,20
黄巾起义,65,都阳,,500,600,0,275,0,20
黄巾起义,66,下邳,孙坚,115000,600,161,146,150,20
黄巾起义,67,徐州,陶谦,149000,600,201,165,134,20
黄巾起义,68,淮安,,79000,600,205,0,296,20
黄巾起义,69,盱眙,,71000,600,254,0,300,20
黄巾起义,70,寿春,刘繇,157000,600,211,146,121,20
黄巾起义,71,合淝,,500,600,0,300,0,20
黄巾起义,72,江夏,,152000,600,202,174,139,20
黄巾起义,73,夏口,,85000,600,241,0,311,20
黄巾起义,74,赤壁,,500,600,0,317,0,20
黄巾起义,75,湘潭,,72000,600,220,0,314,20
黄巾起义,76,桂阳,,108000,600,152,127,96,20
黄巾起义,77,长沙,,136000,600,186,139,125,20
黄巾起义,78,庐陵,,90500,600,135,144,112,20
黄巾起义,79,南海,,155500,600,213,153,136,20
黄巾起义,80,豫章,,47500,600,81,145,133,20
黄巾起义,81,区阿,,59000,600,250,0,302,20
黄巾起义,82,建业,,244000,600,309,156,154,20
黄巾起义,83,南昌,,86000,600,241,0,325,20
黄巾起义,84,鄱阳,,95500,600,139,127,156,20
黄巾起义,85,吴,严白虎,220000,600,282,133,169,20
黄巾起义,86,会稽,,193500,600,256,125,150,20
黄巾起义,87,松江,,91000,600,169,0,304,20
黄巾起义,88,江陵,,162500,600,217,124,120,20
黄巾起义,89,零陵,,118500,600,167,132,125,20
黄巾起义,90,桂林,,98000,600,105,139,88,20
黄巾起义,91,涪陵,,101000,600,145,0,314,20
黄巾起义,92,武陵,,131000,600,184,120,91,20
黄巾起义,93,交趾,士燮,63000,600,100,155,130,20
黄巾起义,94,建宁,,133000,600,180,129,126,20
黄巾起义,95,云南,,108500,600,158,140,140,20
黄巾起义,96,夷州,,67000,600,107,131,145,20
黄巾起义,97,鹿耳门,,68000,600,165,0,300,20
黄巾起义,98,邪马台,卑弥呼,108000,600,200,129,160,20
黄巾起义,99,阿苏,卑弥呼,72000,600,150,169,135,20
黄巾起义,100,出云,卑弥呼,96000,600,210,163,156,20
黄巾起义,101,佐贺,,95000,600,210,0,320,20
黄巾起义,102,阿久根,,74000,600,254,0,320,20
黄巾起义,103,下关,,71000,600,188,0,320,20
黄巾起义,104,保留,,,,,,,
黄巾起义,105,保留,,,,,,,
黄巾起义,106,保留,,,,,,,
黄巾起义,107,保留,,,,,,,
黄巾起义,108,保留,,,,,,,
黄巾起义,109,保留,,,,,,,
黄巾起义,110,保留,,,,,,,
黄巾起义,111,保留,,,,,,,
黄巾起义,112,保留,,,,,,,
黄巾起义,113,保留,,,,,,,
黄巾起义,114,保留,,,,,,,
黄巾起义,115,保留,,,,,,,
黄巾起义,116,保留,,,,,,,
黄巾起义,117,保留,,,,,,,
黄巾起义,118,保留,,,,,,,
黄巾起义,119,保留,,,,,,,
黄巾起义,120,保留,,,,,,,
黄巾起义,121,保留,,,,,,,
黄巾起义,122,保留,,,,,,,
黄巾起义,123,保留,,,,,,,
黄巾起义,124,保留,,,,,,,
黄巾起义,125,保留,,,,,,,
黄巾起义,126,保留,,,,,,,
黄巾起义,127,保留,,,,,,,
黄巾起义,128,保留,,,,,,,
黄巾起义,129,保留,,,,,,,
黄巾起义,130,保留,,,,,,,
黄巾起义,131,保留,,,,,,,
黄巾起义,132,保留,,,,,,,
黄巾起义,133,保留,,,,,,,
黄巾起义,134,保留,,,,,,,
黄巾起义,135,保留,,,,,,,
黄巾起义,136,保留,,,,,,,
黄巾起义,137,保留,,,,,,,
黄巾起义,138,保留,,,,,,,
黄巾起义,139,保留,,,,,,,
黄巾起义,140,保留,,,,,,,
黄巾起义,141,保留,,,,,,,
黄巾起义,142,保留,,,,,,,
黄巾起义,143,保留,,,,,,,
黄巾起义,144,保留,,,,,,,
黄巾起义,145,保留,,,,,,,
黄巾起义,146,保留,,,,,,,
黄巾起义,147,保留,,,,,,,
黄巾起义,148,保留,,,,,,,
黄巾起义,149,保留,,,,,,,
黄巾起义,150,保留,,,,,,,
黄巾起义,151,保留,,,,,,,
黄巾起义,152,保留,,,,,,,
黄巾起义,153,保留,,,,,,,
黄巾起义,154,保留,,,,,,,
黄巾起义,155,保留,,,,,,,
黄巾起义,156,保留,,,,,,,
黄巾起义,157,保留,,,,,,,
黄巾起义,158,保留,,,,,,,
黄巾起义,159,保留,,,,,,,
黄巾起义,160,保留,,,,,,,
黄巾起义,161,保留,,,,,,,
黄巾起义,162,保留,,,,,,,
黄巾起义,163,保留,,,,,,,
黄巾起义,164,保留,,,,,,,
黄巾起义,165,保留,,,,,,,
黄巾起义,166,保留,,,,,,,
黄巾起义,167,保留,,,,,,,
黄巾起义,168,保留,,,,,,,
黄巾起义,169,保留,,,,,,,
黄巾起义,170,保留,,,,,,,
黄巾起义,171,保留,,,,,,,
黄巾起义,172,保留,,,,,,,
黄巾起义,173,保留,,,,,,,
黄巾起义,174,保留,,,,,,,
黄巾起义,175,保留,,,,,,,
黄巾起义,176,保留,,,,,,,
黄巾起义,177,保留,,,,,,,
黄巾起义,178,保留,,,,,,,
黄巾起义,179,保留,,,,,,,
黄巾起义,180,保留,,,,,,,
黄巾起义,181,保留,,,,,,,
黄巾起义,182,保留,,,,,,,
黄巾起义,183,保留,,,,,,,
黄巾起义,184,保留,,,,,,,
黄巾起义,185,保留,,,,,,,
黄巾起义,186,保留,,,,,,,
黄巾起义,187,保留,,,,,,,
黄巾起义,188,保留,,,,,,,
黄巾起义,189,保留,,,,,,,
黄巾起义,190,保留,,,,,,,
黄巾起义,191,保留,,,,,,,
黄巾起义,192,保留,,,,,,,
黄巾起义,193,保留,,,,,,,
黄巾起义,194,保留,,,,,,,
黄巾起义,195,保留,,,,,,,
黄巾起义,196,保留,,,,,,,
黄巾起义,197,保留,,,,,,,
黄巾起义,198,保留,,,,,,,
黄巾起义,199,保留,,,,,,,
黄巾起义,200,保留,,,,,,,
黄巾起义,201,毒龙潭,,,,,,,
黄巾起义,202,猛虎穴,,,,,,,
黄巾起义,203,大雪山,,,,,,,
黄巾起义,204,火焰山,,,,,,,
黄巾起义,205,兽神洞,,,,,,,
黄巾起义,206,青龙塔,,,,,,,
黄巾起义,207,白虎塔,,,,,,,
黄巾起义,208,玄武塔,,,,,,,
黄巾起义,209,朱雀塔,,,,,,,
黄巾起义,210,麒麟塔,,,,,,,
黄巾起义,211,桃源仙乡,,,,,,,
黄巾起义,212,尸洞,,,,,,,
黄巾起义,213,九泉之渊,,,,,,,
讨伐董卓,1,西凉,马腾,124000,600,163,285,200,20
讨伐董卓,2,陇右,,52000,600,131,144,110,20
讨伐董卓,3,安定,,68500,600,101,101,100,20
讨伐董卓,4,弘农,董卓,149000,600,183,302,300,20
讨伐董卓,5,咸阳,,72300,600,255,0,297,20
讨伐董卓,6,陈仓,,500,600,0,288,0,20
讨伐董卓,7,扶风,,77500,600,245,0,311,20
讨伐董卓,8,街亭,,"119,00",600,135,121,110,20
讨伐董卓,9,天水,,85000,600,116,110,100,20
讨伐董卓,10,雁门,,500,600,0,297,0,20
讨伐董卓,11,绛,,79300,600,257,0,300,20
讨伐董卓,12,平阳,,134500,600,127,115,110,20
讨伐董卓,13,晋阳,,79500,600,110,270,200,20
讨伐董卓,14,邺,韩馥,177000,600,211,413,300,20
讨伐董卓,15,虎牢,,500,600,0,311,0,20
讨伐董卓,16,壶关,,500,600,0,277,0,20
讨伐董卓,17,界桥,,500,600,0,289,0,20
讨伐董卓,18,汜水,,89800,600,277,0,288,20
讨伐董卓,19,代郡,袁绍,145000,600,124,127,100,20
讨伐董卓,20,平原,刘备,126500,600,160,250,200,20
讨伐董卓,21,乌巢,,112120,600,115,112,105,20
讨伐董卓,22,濮阳,乔瑁,161000,600,199,182,200,20
讨伐董卓,23,乐陵,,500,600,0,291,0,20
讨伐董卓,24,南皮,袁绍,247000,600,283,220,300,20
讨伐董卓,25,高唐,,67800,600,299,0,258,20
讨伐董卓,26,北平,公孙瓒,176000,600,212,310,300,20
讨伐董卓,27,襄平,,114500,600,145,145,100,20
讨伐董卓,28,昌黎,,77500,600,247,0,243,20
讨伐董卓,29,乐浪,,147000,600,183,241,100,20
讨伐董卓,30,带方,,69750,600,122,120,100,20
讨伐董卓,31,下卞,,95000,600,127,124,100,20
讨伐董卓,32,祁山,,500,600,0,287,0,20
讨伐董卓,33,阳平,,500,600,0,274,0,20
讨伐董卓,34,梓潼,刘焉,171000,600,208,202,200,20
讨伐董卓,35,成都,刘焉,255500,600,295,450,400,20
讨伐董卓,36,江州,刘焉,157500,600,194,299,200,20
讨伐董卓,37,五丈原,,500,600,0,247,0,20
讨伐董卓,38,白水,,500,600,0,257,0,20
讨伐董卓,39,上庸,,120500,600,158,187,100,20
讨伐董卓,40,汉中,,267500,600,309,426,300,20
讨伐董卓,41,筑阳,,500,600,0,245,0,20
讨伐董卓,42,葭萌,,500,600,0,233,0,20
讨伐董卓,43,巴郡,,89757,600,244,0,100,20
讨伐董卓,44,襄阳,刘表,269000,600,312,480,400,20
讨伐董卓,45,白帝,,138000,600,119,99,100,20
讨伐董卓,46,临江,,75700,600,221,0,241,20
讨伐董卓,47,长阪坡,,500,600,0,287,0,20
讨伐董卓,48,乌林,,77450,600,249,0,301,20
讨伐董卓,49,郿,,71540,600,207,0,211,20
讨伐董卓,50,长安,董卓,214000,600,253,510,400,20
讨伐董卓,51,洛阳,董卓,195000,600,233,560,400,20
讨伐董卓,52,宛,袁术,216000,600,254,371,300,20
讨伐董卓,53,延津,,88430,600,279,0,288,20
讨伐董卓,54,官渡,,500,600,0,299,0,20
讨伐董卓,55,新野,,122000,600,155,85,100,20
讨伐董卓,56,许昌,,208000,600,246,255,200,20
讨伐董卓,57,汝南,,115500,600,149,245,200,20
讨伐董卓,58,陈留,曹操,166500,600,200,256,200,20
讨伐董卓,59,庐江,,294000,600,337,304,200,20
讨伐董卓,60,谯,孔岫,190000,600,228,199,200,20
讨伐董卓,61,小沛,,11900,600,145,0,133,20
讨伐董卓,62,定陶,,500,600,0,266,0,20
讨伐董卓,63,乐安,,69540,600,293,0,277,20
讨伐董卓,64,北海,孔融,71000,600,105,125,100,20
讨伐董卓,65,都阳,,500,600,0,258,0,20
讨伐董卓,66,下邳,陶谦,127500,600,161,155,100,20
讨伐董卓,67,徐州,陶谦,166000,600,201,320,300,20
讨伐董卓,68,淮安,,89800,600,244,0,227,20
讨伐董卓,69,盱眙,,78650,600,255,0,244,20
讨伐董卓,70,寿春,刘繇,175000,600,211,381,400,20
讨伐董卓,71,合淝,,500,600,0,267,0,20
讨伐董卓,72,江夏,刘表,169000,600,202,320,300,20
讨伐董卓,73,夏口,,88750,600,267,0,241,20
讨伐董卓,74,赤壁,,500,600,0,311,0,20
讨伐董卓,75,湘潭,,88700,600,261,0,277,20
讨伐董卓,76,桂阳,,120000,600,152,215,200,20
讨伐董卓,77,长沙,孙坚,151500,600,186,220,200,20
讨伐董卓,78,庐陵,,100000,600,135,122,100,20
讨伐董卓,79,南海,,172000,600,213,281,100,20
讨伐董卓,80,豫章,,52000,600,810,69,100,20
讨伐董卓,81,区阿,,78400,600,274,0,288,20
讨伐董卓,82,建业,刘繇,271500,600,309,225,200,20
讨伐董卓,83,南昌,,76430,600,277,0,257,20
讨伐董卓,84,鄱阳,,105000,600,139,129,100,20
讨伐董卓,85,吴,严白虎,244000,600,282,305,300,20
讨伐董卓,86,会稽,王朗,215500,600,256,310,300,20
讨伐董卓,87,松江,,71900,600,244,0,244,20
讨伐董卓,88,江陵,刘表,180000,600,217,290,200,20
讨伐董卓,89,零陵,,131000,600,167,231,200,20
讨伐董卓,90,桂林,,151500,600,151,144,135,20
讨伐董卓,91,涪陵,,74100,600,267,0,265,20
讨伐董卓,92,武陵,,145000,600,184,223,200,20
讨伐董卓,93,交趾,士燮,70000,600,100,104,100,20
讨伐董卓,94,建宁,,148500,600,180,165,200,20
讨伐董卓,95,云南,,120500,600,158,146,100,20
讨伐董卓,96,夷州,,75500,600,107,87,100,20
讨伐董卓,97,鹿耳门,,69750,600,277,0,255,20
讨伐董卓,98,邪马台,卑弥呼,117000,600,2000,280,600,20
讨伐董卓,99,阿苏,卑弥呼,59000,600,1000,195,300,20
讨伐董卓,100,出云,卑弥呼,101000,600,1500,269,400,20
讨伐董卓,101,佐贺,,88900,600,277,0,278,20
讨伐董卓,102,阿久根,,89100,600,267,0,288,20
讨伐董卓,103,下关,,88450,600,274,0,277,20
讨伐董卓,104,保留,,,,,,,
讨伐董卓,105,保留,,,,,,,
讨伐董卓,106,保留,,,,,,,
讨伐董卓,107,保留,,,,,,,
讨伐董卓,108,保留,,,,,,,
讨伐董卓,109,保留,,,,,,,
讨伐董卓,110,保留,,,,,,,
讨伐董卓,111,保留,,,,,,,
讨伐董卓,112,保留,,,,,,,
讨伐董卓,113,保留,,,,,,,
讨伐董卓,114,保留,,,,,,,
讨伐董卓,115,保留,,,,,,,
讨伐董卓,116,保留,,,,,,,
讨伐董卓,117,保留,,,,,,,
讨伐董卓,118,保留,,,,,,,
讨伐董卓,119,保留,,,,,,,
讨伐董卓,120,保留,,,,,,,
讨伐董卓,121,保留,,,,,,,
讨伐董卓,122,保留,,,,,,,
讨伐董卓,123,保留,,,,,,,
讨伐董卓,124,保留,,,,,,,
讨伐董卓,125,保留,,,,,,,
讨伐董卓,126,保留,,,,,,,
讨伐董卓,127,保留,,,,,,,
讨伐董卓,128,保留,,,,,,,
讨伐董卓,129,保留,,,,,,,
讨伐董卓,130,保留,,,,,,,
讨伐董卓,131,保留,,,,,,,
讨伐董卓,132,保留,,,,,,,
讨伐董卓,133,保留,,,,,,,
讨伐董卓,134,保留,,,,,,,
讨伐董卓,135,保留,,,,,,,
讨伐董卓,136,保留,,,,,,,
讨伐董卓,137,保留,,,,,,,
讨伐董卓,138,保留,,,,,,,
讨伐董卓,139,保留,,,,,,,
讨伐董卓,140,保留,,,,,,,
讨伐董卓,141,保留,,,,,,,
讨伐董卓,142,保留,,,,,,,
讨伐董卓,143,保留,,,,,,,
讨伐董卓,144,保留,,,,,,,
讨伐董卓,145,保留,,,,,,,
讨伐董卓,146,保留,,,,,,,
讨伐董卓,147,保留,,,,,,,
讨伐董卓,148,保留,,,,,,,
讨伐董卓,149,保留,,,,,,,
讨伐董卓,150,保留,,,,,,,
讨伐董卓,151,保留,,,,,,,
讨伐董卓,152,保留,,,,,,,
讨伐董卓,153,保留,,,,,,,
讨伐董卓,154,保留,,,,,,,
讨伐董卓,155,保留,,,,,,,
讨伐董卓,156,保留,,,,,,,
讨伐董卓,157,保留,,,,,,,
讨伐董卓,158,保留,,,,,,,
讨伐董卓,159,保留,,,,,,,
讨伐董卓,160,保留,,,,,,,
讨伐董卓,161,保留,,,,,,,
讨伐董卓,162,保留,,,,,,,
讨伐董卓,163,保留,,,,,,,
讨伐董卓,164,保留,,,,,,,
讨伐董卓,165,保留,,,,,,,
讨伐董卓,166,保留,,,,,,,
讨伐董卓,167,保留,,,,,,,
讨伐董卓,168,保留,,,,,,,
讨伐董卓,169,保留,,,,,,,
讨伐董卓,170,保留,,,,,,,
讨伐董卓,171,保留,,,,,,,
讨伐董卓,172,保留,,,,,,,
讨伐董卓,173,保留,,,,,,,
讨伐董卓,174,保留,,,,,,,
讨伐董卓,175,保留,,,,,,,
讨伐董卓,176,保留,,,,,,,
讨伐董卓,177,保留,,,,,,,
讨伐董卓,178,保留,,,,,,,
讨伐董卓,179,保留,,,,,,,
讨伐董卓,180,保留,,,,,,,
讨伐董卓,181,保留,,,,,,,
讨伐董卓,182,保留,,,,,,,
讨伐董卓,183,保留,,,,,,,
讨伐董卓,184,保留,,,,,,,
讨伐董卓,185,保留,,,,,,,
讨伐董卓,186,保留,,,,,,,
讨伐董卓,187,保留,,,,,,,
讨伐董卓,188,保留,,,,,,,
讨伐董卓,189,保留,,,,,,,
讨伐董卓,190,保留,,,,,,,
讨伐董卓,191,保留,,,,,,,
讨伐董卓,192,保留,,,,,,,
讨伐董卓,193,保留,,,,,,,
讨伐董卓,194,保留,,,,,,,
讨伐董卓,195,保留,,,,,,,
讨伐董卓,196,保留,,,,,,,
讨伐董卓,197,保留,,,,,,,
讨伐董卓,198,保留,,,,,,,
讨伐董卓,199,保留,,,,,,,
讨伐董卓,200,保留,,,,,,,
讨伐董卓,201,毒龙潭,,,,,,,
讨伐董卓,202,猛虎穴,,,,,,,
讨伐董卓,203,大雪山,,,,,,,
讨伐董卓,204,火焰山,,,,,,,
讨伐董卓,205,兽神洞,,,,,,,
讨伐董卓,206,青龙塔,,,,,,,
讨伐董卓,207,白虎塔,,,,,,,
讨伐董卓,208,玄武塔,,,,,,,
讨伐董卓,209,朱雀塔,,,,,,,
讨伐董卓,210,麒麟塔,,,,,,,
讨伐董卓,211,桃源仙乡,,,,,,,
讨伐董卓,212,尸洞,,,,,,,
讨伐董卓,213,九泉之渊,,,,,,,
群雄割据,1,西凉,马腾,138500,600,251,305,200,20
群雄割据,2,陇右,,121000,600,,,,20
群雄割据,3,安定,,76000,600,152,105,100,20
群雄割据,4,弘农,李傕,166500,600,300,209,100,20
群雄割据,5,咸阳,,88750,600,275,0,224,20
群雄割据,6,陈仓,,500,600,0,331,0,20
群雄割据,7,扶风,,87700,600,271,0,261,20
群雄割据,8,街亭,,11540,600,115,121,141,20
群雄割据,9,天水,,95000,600,191,109,100,20
群雄割据,10,雁门,,500,600,0,347,0,20
群雄割据,11,绛,,69700,600,247,0,211,20
群雄割据,12,平阳,,43300,600,100,200,100,20
群雄割据,13,晋阳,,88000,600,166,234,200,20
群雄割据,14,邺,袁绍,197500,600,338,433,400,20
群雄割据,15,虎牢,,500,600,0,341,0,20
群雄割据,16,壶关,,500,600,0,337,0,20
群雄割据,17,界桥,,500,600,0,312,0,20
群雄割据,18,汜水,,88850,600,278,0,277,20
群雄割据,19,代郡,,70500,600,152,100,100,20
群雄割据,20,平原,袁绍,140500,600,260,299,200,20
群雄割据,21,乌巢,,100,600,100,100,100,20
群雄割据,22,濮阳,吕布,179000,600,309,202,200,20
群雄割据,23,乐陵,,500,600,0,289,0,20
群雄割据,24,南皮,袁绍,274500,600,457,271,300,20
群雄割据,25,高唐,,88740,600,287,0,277,20
群雄割据,26,北平,公孙瓒,196500,600,329,351,300,20
群雄割据,27,襄平,,127000,600,242,142,100,20
群雄割据,28,昌黎,,78700,600,214,0,221,20
群雄割据,29,乐浪,,164000,600,281,245,100,20
群雄割据,30,带方,,98900,600,101,114,112,20
群雄割据,31,下卞,,106500,600,203,137,100,20
群雄割据,32,祁山,,500,600,0,297,0,20
群雄割据,33,阳平,,500,600,0,274,0,20
群雄割据,34,梓潼,刘璋,190500,600,335,217,200,20
群雄割据,35,成都,刘璋,284000,600,463,460,400,20
群雄割据,36,江州,刘璋,175500,600,311,295,200,20
群雄割据,37,五丈原,,500,600,0,340,0,20
群雄割据,38,白水,,500,600,0,391,0,20
群雄割据,39,上庸,,134000,600,239,161,100,20
群雄割据,40,汉中,张鲁,297500,600,495,419,400,20
群雄割据,41,筑阳,,500,600,0,264,0,20
群雄割据,42,葭萌,,500,600,0,257,0,20
群雄割据,43,巴郡,,98900,600,341,0,337,20
群雄割据,44,襄阳,刘表,299000,600,500,480,400,20
群雄割据,45,白帝,,98500,600,190,100,100,20
群雄割据,46,临江,,86750,600,287,0,281,20
群雄割据,47,长阪坡,,500,600,0,279,0,20
群雄割据,48,乌林,,77640,600,246,0,251,20
群雄割据,49,郿,,74150,600,214,0,200,20
群雄割据,50,长安,李傕,238500,600,400,330,200,20
群雄割据,51,洛阳,曹操,217000,600,373,310,200,20
群雄割据,52,宛,张绣,241000,600,408,365,300,20
群雄割据,53,延津,,84700,600,277,0,261,20
群雄割据,54,官渡,,500,600,0,341,0,20
群雄割据,55,新野,,136000,600,251,89,100,20
群雄割据,56,许昌,曹操,232000,600,395,445,300,20
群雄割据,57,汝南,袁术,128500,600,242,295,300,20
群雄割据,58,陈留,曹操,185500,600,318,260,200,20
群雄割据,59,庐江,孙策,327000,600,544,360,300,20
群雄割据,60,谯,,211500,600,363,199,200,20
群雄割据,61,小沛,,71400,600,115,104,107,20
群雄割据,62,定陶,,500,600,0,277,0,20
群雄割据,63,乐安,,88850,600,244,0,261,20
群雄割据,64,北海,孔融,79500,600,162,125,100,20
群雄割据,65,都阳,,500,600,,311,0,20
群雄割据,66,下邳,刘备,142000,600,255,195,200,20
群雄割据,67,徐州,刘备,184500,600,323,339,300,20
群雄割据,68,淮安,,88910,600,281,0,298,20
群雄割据,69,盱眙,,88880,600,247,0,257,20
群雄割据,70,寿春,袁术,194500,600,330,411,400,20
群雄割据,71,合淝,,500,600,0,321,0,20
群雄割据,72,江夏,刘表,188500,600,331,302,300,20
群雄割据,73,夏口,,79450,600,244,0,254,20
群雄割据,74,赤壁,,500,600,0,361,0,20
群雄割据,75,湘潭,,77410,600,266,0,277,20
群雄割据,76,桂阳,,134000,600,250,210,200,20
群雄割据,77,长沙,孙策,168000,600,293,245,200,20
群雄割据,78,庐陵,,112000,600,221,142,100,20
群雄割据,79,南海,,192000,600,328,251,100,20
群雄割据,80,豫章,,58500,600,125,89,100,20
群雄割据,81,区阿,,71600,600,199,0,211,20
群雄割据,82,建业,刘繇,301500,600,498,241,200,20
群雄割据,83,南昌,,119000,600,279,0,281,20
群雄割据,84,鄱阳,,117500,600,210,130,100,20
群雄割据,85,吴,严白虎,272000,600,457,310,300,20
群雄割据,86,会稽,王朗,239500,600,407,320,300,20
群雄割据,87,松江,,79790,600,271,0,277,20
群雄割据,88,江陵,刘表,200500,600,337,293,200,20
群雄割据,89,零陵,,146000,600,263,221,200,20
群雄割据,90,桂林,,141900,600,144,124,134,20
群雄割据,91,涪陵,,73210,600,230,0,246,20
群雄割据,92,武陵,,162000,600,284,203,200,20
群雄割据,93,交趾,士燮,78500,600,153,120,100,20
群雄割据,94,建宁,,164500,600,295,195,200,20
群雄割据,95,云南,,134000,600,249,166,100,20
群雄割据,96,夷州,,83500,600,178,89,100,20
群雄割据,97,鹿耳门,,85850,600,234,0,243,20
群雄割据,98,邪马台,卑弥呼,123000,600,2000,280,600,20
群雄割据,99,阿苏,卑弥呼,63000,600,1000,195,300,20
群雄割据,100,出云,卑弥呼,105000,600,1500,269,400,20
群雄割据,101,佐贺,,101500,600,271,0,289,20
群雄割据,102,阿久根,,94960,600,264,0,279,20
群雄割据,103,下关,,98790,600,287,0,299,20
群雄割据,104,保留,,,,,,,
群雄割据,105,保留,,,,,,,
群雄割据,106,保留,,,,,,,
群雄割据,107,保留,,,,,,,
群雄割据,108,保留,,,,,,,
群雄割据,109,保留,,,,,,,
群雄割据,110,保留,,,,,,,
群雄割据,111,保留,,,,,,,
群雄割据,112,保留,,,,,,,
群雄割据,113,保留,,,,,,,
群雄割据,114,保留,,,,,,,
群雄割据,115,保留,,,,,,,
群雄割据,116,保留,,,,,,,
群雄割据,117,保留,,,,,,,
群雄割据,118,保留,,,,,,,
群雄割据,119,保留,,,,,,,
群雄割据,120,保留,,,,,,,
群雄割据,121,保留,,,,,,,
群雄割据,122,保留,,,,,,,
群雄割据,123,保留,,,,,,,
群雄割据,124,保留,,,,,,,
群雄割据,125,保留,,,,,,,
群雄割据,126,保留,,,,,,,
群雄割据,127,保留,,,,,,,
群雄割据,128,保留,,,,,,,
群雄割据,129,保留,,,,,,,
群雄割据,130,保留,,,,,,,
群雄割据,131,保留,,,,,,,
群雄割据,132,保留,,,,,,,
群雄割据,133,保留,,,,,,,
群雄割据,134,保留,,,,,,,
群雄割据,135,保留,,,,,,,
群雄割据,136,保留,,,,,,,
群雄割据,137,保留,,,,,,,
群雄割据,138,保留,,,,,,,
群雄割据,139,保留,,,,,,,
群雄割据,140,保留,,,,,,,
群雄割据,141,保留,,,,,,,
群雄割据,142,保留,,,,,,,
群雄割据,143,保留,,,,,,,
群雄割据,144,保留,,,,,,,
群雄割据,145,保留,,,,,,,
群雄割据,146,保留,,,,,,,
群雄割据,147,保留,,,,,,,
群雄割据,148,保留,,,,,,,
群雄割据,149,保留,,,,,,,
群雄割据,150,保留,,,,,,,
群雄割据,151,保留,,,,,,,
群雄割据,152,保留,,,,,,,
群雄割据,153,保留,,,,,,,
群雄割据,154,保留,,,,,,,
群雄割据,155,保留,,,,,,,
群雄割据,156,保留,,,,,,,
群雄割据,157,保留,,,,,,,
群雄割据,158,保留,,,,,,,
群雄割据,159,保留,,,,,,,
群雄割据,160,保留,,,,,,,
群雄割据,161,保留,,,,,,,
群雄割据,162,保留,,,,,,,
群雄割据,163,保留,,,,,,,
群雄割据,164,保留,,,,,,,
群雄割据,165,保留,,,,,,,
群雄割据,166,保留,,,,,,,
群雄割据,167,保留,,,,,,,
群雄割据,168,保留,,,,,,,
群雄割据,169,保留,,,,,,,
群雄割据,170,保留,,,,,,,
群雄割据,171,保留,,,,,,,
群雄割据,172,保留,,,,,,,
群雄割据,173,保留,,,,,,,
群雄割据,174,保留,,,,,,,
群雄割据,175,保留,,,,,,,
群雄割据,176,保留,,,,,,,
群雄割据,177,保留,,,,,,,
群雄割据,178,保留,,,,,,,
群雄割据,179,保留,,,,,,,
群雄割据,180,保留,,,,,,,
群雄割据,181,保留,,,,,,,
群雄割据,182,保留,,,,,,,
群雄割据,183,保留,,,,,,,
群雄割据,184,保留,,,,,,,
群雄割据,185,保留,,,,,,,
群雄割据,186,保留,,,,,,,
群雄割据,187,保留,,,,,,,
群雄割据,188,保留,,,,,,,
群雄割据,189,保留,,,,,,,
群雄割据,190,保留,,,,,,,
群雄割据,191,保留,,,,,,,
群雄割据,192,保留,,,,,,,
群雄割据,193,保留,,,,,,,
群雄割据,194,保留,,,,,,,
群雄割据,195,保留,,,,,,,
群雄割据,196,保留,,,,,,,
群雄割据,197,保留,,,,,,,
群雄割据,198,保留,,,,,,,
群雄割据,199,保留,,,,,,,
群雄割据,200,保留,,,,,,,
群雄割据,201,毒龙潭,,,,,,,
群雄割据,202,猛虎穴,,,,,,,
群雄割据,203,大雪山,,,,,,,
群雄割据,204,火焰山,,,,,,,
群雄割据,205,兽神洞,,,,,,,
群雄割据,206,青龙塔,,,,,,,
群雄割据,207,白虎塔,,,,,,,
群雄割据,208,玄武塔,,,,,,,
群雄割据,209,朱雀塔,,,,,,,
群雄割据,210,麒麟塔,,,,,,,
群雄割据,211,桃源仙乡,,,,,,,
群雄割据,212,尸洞,,,,,,,
群雄割据,213,九泉之渊,,,,,,,
官渡之战,1,西凉,马腾,150500,600,276,309,200,20
官渡之战,2,陇右,,114000,600,117,120,114,20
官渡之战,3,安定,,82000,600,183,101,100,20
官渡之战,4,弘农,,81500,600,335,269,200,20
官渡之战,5,咸阳,,98950,600,288,0,274,20
官渡之战,6,陈仓,,500,600,0,299,0,20
官渡之战,7,扶风,,77450,600,277,0,268,20
官渡之战,8,街亭,,99950,600,132,126,113,20
官渡之战,9,天水,马腾,103000,600,199,149,100,20
官渡之战,10,雁门,,500,600,0,330,0,20
官渡之战,11,绛,,69870,600,212,0,201,20
官渡之战,12,平阳,,44100,600,110,206,100,20
官渡之战,13,晋阳,,95500,600,198,224,100,20
官渡之战,14,邺,袁绍,215000,600,366,443,400,20
官渡之战,15,虎牢,,500,600,0,311,0,20
官渡之战,16,壶关,,500,600,0,278,0,20
官渡之战,17,界桥,,500,600,0,288,0,20
官渡之战,18,汜水,,69780,600,219,0,216,20
官渡之战,19,代郡,袁绍,76500,600,165,140,100,20
官渡之战,20,平原,袁绍,153500,600,268,310,200,20
官渡之战,21,乌巢,,119000,600,117,119,127,20
官渡之战,22,濮阳,,95000,600,347,257,200,20
官渡之战,23,乐陵,,500,600,0,267,0,20
官渡之战,24,南皮,袁绍,299000,600,503,371,300,20
官渡之战,25,高唐,,87850,600,274,132,277,20
官渡之战,26,北平,袁绍,214000,600,356,261,200,20
官渡之战,27,襄平,袁绍,138500,600,261,162,100,20
官渡之战,28,昌黎,,88970,600,288,111,287,20
官渡之战,29,乐浪,,178000,600,331,209,100,20
官渡之战,30,带方,,76840,600,122,131,121,20
官渡之战,31,下卞,,116000,600,212,129,100,20
官渡之战,32,祁山,,500,600,0,288,0,20
官渡之战,33,阳平,,500,600,0,278,0,20
官渡之战,34,梓潼,刘璋,207500,600,359,220,200,20
官渡之战,35,成都,刘璋,309000,600,501,478,400,20
官渡之战,36,江州,刘璋,191500,600,329,315,200,20
官渡之战,37,五丈原,,500,600,0,297,0,20
官渡之战,38,白水,,500,600,0,289,0,20
官渡之战,39,上庸,,146000,600,259,159,100,20
官渡之战,40,汉中,张鲁,324000,600,537,410,400,20
官渡之战,41,筑阳,,500,600,0,277,0,20
官渡之战,42,葭萌,,500,600,0,267,0,20
官渡之战,43,巴郡,,100100,600,330,0,331,20
官渡之战,44,襄阳,刘表,325000,600,537,495,400,20
官渡之战,45,白帝,刘璋,107000,600,213,100,100,20
官渡之战,46,临江,,99850,600,257,0,287,20
官渡之战,47,长阪坡,,500,600,0,297,0,20
官渡之战,48,乌林,,88800,600,248,0,244,20
官渡之战,49,郿,,77740,600,244,0,245,20
官渡之战,50,长安,曹操,259500,600,438,430,400,20
官渡之战,51,洛阳,曹操,236000,600,415,410,400,20
官渡之战,52,宛,,262000,600,437,335,200,20
官渡之战,53,延津,,76760,600,255,0,255,20
官渡之战,54,官渡,,500,600,0,289,0,20
官渡之战,55,新野,刘备,148500,600,270,169,100,20
官渡之战,56,许昌,曹操,252500,600,427,500,400,20
官渡之战,57,汝南,曹操,140000,600,248,300,200,20
官渡之战,58,陈留,曹操,202000,600,339,261,200,20
官渡之战,59,庐江,孙权,356000,600,593,370,200,20
官渡之战,60,谯,曹操,230000,600,381,205,200,20
官渡之战,61,小沛,,89800,600,116,111,117,20
官渡之战,62,定陶,,500,600,0,274,0,20
官渡之战,63,乐安,,87500,600,241,0,245,20
官渡之战,64,北海,袁绍,86500,600,190,195,100,20
官渡之战,65,都阳,,500,600,0,287,0,20
官渡之战,66,下邳,曹操,154000,600,294,200,200,20
官渡之战,67,徐州,曹操,201000,600,338,329,200,20
官渡之战,68,淮安,,87870,600,244,0,245,20
官渡之战,69,盱眙,,75470,600,255,0,258,20
官渡之战,70,寿春,,212000,600,367,326,200,20
官渡之战,71,合淝,,500,600,0,298,0,20
官渡之战,72,江夏,刘表,205000,600,368,300,200,20
官渡之战,73,夏口,,75800,600,281,0,290,20
官渡之战,74,赤壁,,500,600,0,311,0,20
官渡之战,75,湘潭,,89850,600,288,0,290,20
官渡之战,76,桂阳,,146000,600,275,210,200,20
官渡之战,77,长沙,刘表,183000,600,332,279,200,20
官渡之战,78,庐陵,,122500,600,236,162,100,20
官渡之战,79,南海,,209500,600,359,211,100,20
官渡之战,80,豫章,孙权,63500,600,136,109,100,20
官渡之战,81,区阿,,77780,600,244,0,266,20
官渡之战,82,建业,孙权,328000,600,551,321,300,20
官渡之战,83,南昌,,99970,600,299,0,300,20
官渡之战,84,鄱阳,孙权,128500,600,251,250,200,20
官渡之战,85,吴,孙权,296000,600,493,300,200,20
官渡之战,86,会稽,孙权,261500,600,450,327,200,20
官渡之战,87,松江,,707070,600,255,0,255,20
官渡之战,88,江陵,刘表,218500,600,376,303,200,20
官渡之战,89,零陵,,159500,600,292,231,200,20
官渡之战,90,桂林,,111400,600,168,100,170,20
官渡之战,91,涪陵,,100,600,100,0,100,20
官渡之战,92,武陵,刘表,176000,600,309,213,200,20
官渡之战,93,交趾,士燮,85000,600,170,150,100,20
官渡之战,94,建宁,,179000,600,306,205,200,20
官渡之战,95,云南,,146500,600,272,196,100,20
官渡之战,96,夷州,,91000,600,185,100,100,20
官渡之战,97,鹿耳门,,85850,600,292,0,297,20
官渡之战,98,邪马台,卑弥呼,124000,600,2000,280,600,20
官渡之战,99,阿苏,卑弥呼,65000,600,1000,195,300,20
官渡之战,100,出云,卑弥呼,105800,600,1500,269,400,20
官渡之战,101,佐贺,,88520,600,247,0,288,20
官渡之战,102,阿久根,,87850,600,254,0,285,20
官渡之战,103,下关,,86760,600,245,0,278,20
官渡之战,104,保留,,,,,,,
官渡之战,105,保留,,,,,,,
官渡之战,106,保留,,,,,,,
官渡之战,107,保留,,,,,,,
官渡之战,108,保留,,,,,,,
官渡之战,109,保留,,,,,,,
官渡之战,110,保留,,,,,,,
官渡之战,111,保留,,,,,,,
官渡之战,112,保留,,,,,,,
官渡之战,113,保留,,,,,,,
官渡之战,114,保留,,,,,,,
官渡之战,115,保留,,,,,,,
官渡之战,116,保留,,,,,,,
官渡之战,117,保留,,,,,,,
官渡之战,118,保留,,,,,,,
官渡之战,119,保留,,,,,,,
官渡之战,120,保留,,,,,,,
官渡之战,121,保留,,,,,,,
官渡之战,122,保留,,,,,,,
官渡之战,123,保留,,,,,,,
官渡之战,124,保留,,,,,,,
官渡之战,125,保留,,,,,,,
官渡之战,126,保留,,,,,,,
官渡之战,127,保留,,,,,,,
官渡之战,128,保留,,,,,,,
官渡之战,129,保留,,,,,,,
官渡之战,130,保留,,,,,,,
官渡之战,131,保留,,,,,,,
官渡之战,132,保留,,,,,,,
官渡之战,133,保留,,,,,,,
官渡之战,134,保留,,,,,,,
官渡之战,135,保留,,,,,,,
官渡之战,136,保留,,,,,,,
官渡之战,137,保留,,,,,,,
官渡之战,138,保留,,,,,,,
官渡之战,139,保留,,,,,,,
官渡之战,140,保留,,,,,,,
官渡之战,141,保留,,,,,,,
官渡之战,142,保留,,,,,,,
官渡之战,143,保留,,,,,,,
官渡之战,144,保留,,,,,,,
官渡之战,145,保留,,,,,,,
官渡之战,146,保留,,,,,,,
官渡之战,147,保留,,,,,,,
官渡之战,148,保留,,,,,,,
官渡之战,149,保留,,,,,,,
官渡之战,150,保留,,,,,,,
官渡之战,151,保留,,,,,,,
官渡之战,152,保留,,,,,,,
官渡之战,153,保留,,,,,,,
官渡之战,154,保留,,,,,,,
官渡之战,155,保留,,,,,,,
官渡之战,156,保留,,,,,,,
官渡之战,157,保留,,,,,,,
官渡之战,158,保留,,,,,,,
官渡之战,159,保留,,,,,,,
官渡之战,160,保留,,,,,,,
官渡之战,161,保留,,,,,,,
官渡之战,162,保留,,,,,,,
官渡之战,163,保留,,,,,,,
官渡之战,164,保留,,,,,,,
官渡之战,165,保留,,,,,,,
官渡之战,166,保留,,,,,,,
官渡之战,167,保留,,,,,,,
官渡之战,168,保留,,,,,,,
官渡之战,169,保留,,,,,,,
官渡之战,170,保留,,,,,,,
官渡之战,171,保留,,,,,,,
官渡之战,172,保留,,,,,,,
官渡之战,173,保留,,,,,,,
官渡之战,174,保留,,,,,,,
官渡之战,175,保留,,,,,,,
官渡之战,176,保留,,,,,,,
官渡之战,177,保留,,,,,,,
官渡之战,178,保留,,,,,,,
官渡之战,179,保留,,,,,,,
官渡之战,180,保留,,,,,,,
官渡之战,181,保留,,,,,,,
官渡之战,182,保留,,,,,,,
官渡之战,183,保留,,,,,,,
官渡之战,184,保留,,,,,,,
官渡之战,185,保留,,,,,,,
官渡之战,186,保留,,,,,,,
官渡之战,187,保留,,,,,,,
官渡之战,188,保留,,,,,,,
官渡之战,189,保留,,,,,,,
官渡之战,190,保留,,,,,,,
官渡之战,191,保留,,,,,,,
官渡之战,192,保留,,,,,,,
官渡之战,193,保留,,,,,,,
官渡之战,194,保留,,,,,,,
官渡之战,195,保留,,,,,,,
官渡之战,196,保留,,,,,,,
官渡之战,197,保留,,,,,,,
官渡之战,198,保留,,,,,,,
官渡之战,199,保留,,,,,,,
官渡之战,200,保留,,,,,,,
官渡之战,201,毒龙潭,,,,,,,
官渡之战,202,猛虎穴,,,,,,,
官渡之战,203,大雪山,,,,,,,
官渡之战,204,火焰山,,,,,,,
官渡之战,205,兽神洞,,,,,,,
官渡之战,206,青龙塔,,,,,,,
官渡之战,207,白虎塔,,,,,,,
官渡之战,208,玄武塔,,,,,,,
官渡之战,209,朱雀塔,,,,,,,
官渡之战,210,麒麟塔,,,,,,,
官渡之战,211,桃源仙乡,,,,,,,
官渡之战,212,尸洞,,,,,,,
官渡之战,213,九泉之渊,,,,,,,
赤壁之战,1,西凉,马腾,161000,600,324,370,200,20
赤壁之战,2,陇右,,115400,600,121,144,136,20
赤壁之战,3,安定,,88000,600,181,121,100,20
赤壁之战,4,弘农,,194000,600,343,270,200,20
赤壁之战,5,咸阳,,88970,600,299,0,299,20
赤壁之战,6,陈仓,,500,600,0,288,0,20
赤壁之战,7,扶风,,87570,600,254,0,265,20
赤壁之战,8,街亭,,119700,600,144,155,166,20
赤壁之战,9,天水,马腾,110500,600,201,160,100,20
赤壁之战,10,雁门,,500,600,0,350,0,20
赤壁之战,11,绛,,77750,600,255,0,260,20
赤壁之战,12,平阳,,45000,600,130,229,100,20
赤壁之战,13,晋阳,,102000,600,202,229,200,20
赤壁之战,14,邺,曹操,230500,600,415,463,400,20
赤壁之战,15,虎牢,,500,600,0,311,0,20
赤壁之战,16,壶关,,500,600,0,289,0,20
赤壁之战,17,界桥,,500,600,0,288,0,20
赤壁之战,18,汜水,,119400,600,255,0,260,20
赤壁之战,19,代郡,曹操,82000,600,173,140,100,20
赤壁之战,20,平原,,63000,600,296,326,200,20
赤壁之战,21,乌巢,,98900,600,100,115,105,20
赤壁之战,22,濮阳,曹操,208000,600,393,267,200,20
赤壁之战,23,乐陵,,500,600,0,295,0,20
赤壁之战,24,南皮,曹操,320500,600,527,372,300,20
赤壁之战,25,高唐,,88850,600,250,0,270,20
赤壁之战,26,北平,,230000,600,422,231,200,20
赤壁之战,27,襄平,,148000,600,297,165,100,20
赤壁之战,28,昌黎,,77750,600,250,0,260,20
赤壁之战,29,乐浪,,191500,600,345,175,100,20
赤壁之战,30,带方,,113400,600,114,115,119,20
赤壁之战,31,下卞,,124500,600,246,130,100,20
赤壁之战,32,祁山,,500,600,0,279,0,20
赤壁之战,33,阳平,,500,600,0,284,0,20
赤壁之战,34,梓潼,刘璋,222000,600,380,210,200,20
赤壁之战,35,成都,刘璋,331000,600,570,449,400,20
赤壁之战,36,江州,刘璋,204000,600,373,273,200,20
赤壁之战,37,五丈原,,500,600,0,299,0,20
赤壁之战,38,白水,,500,600,0,267,0,20
赤壁之战,39,上庸,,156000,600,274,169,100,20
赤壁之战,40,汉中,张鲁,346000,600,599,449,400,20
赤壁之战,41,筑阳,,500,600,0,255,0,20
赤壁之战,42,葭萌,,500,600,0,268,0,20
赤壁之战,43,巴郡,,99800,600,254,0,258,20
赤壁之战,44,襄阳,曹操,348000,600,569,525,400,20
赤壁之战,45,白帝,刘璋,114500,600,228,99,100,20
赤壁之战,46,临江,,114540,600,154,155,164,20
赤壁之战,47,长阪坡,,500,600,0,288,0,20
赤壁之战,48,乌林,,88740,600,244,0,266,20
赤壁之战,49,郿,,85540,600,240,0,288,20
赤壁之战,50,长安,曹操,278000,600,454,450,400,20
赤壁之战,51,洛阳,曹操,253500,600,430,439,400,20
赤壁之战,52,宛,曹操,281500,600,459,355,200,20
赤壁之战,53,延津,,77450,600,233,0,244,20
赤壁之战,54,官渡,,500,600,0,310,0,20
赤壁之战,55,新野,曹操,158000,600,319,170,100,20
赤壁之战,56,许昌,曹操,270000,600,456,500,400,20
赤壁之战,57,汝南,,149000,600,278,296,200,20
赤壁之战,58,陈留,曹操,216000,600,403,271,300,20
赤壁之战,59,庐江,,381500,600,618,395,200,20
赤壁之战,60,谯,,246000,600,414,210,200,20
赤壁之战,61,小沛,,117400,600,114,112,118,20
赤壁之战,62,定陶,,500,600,0,274,0,20
赤壁之战,63,乐安,,78750,600,254,0,265,20
赤壁之战,64,北海,,92000,600,196,185,100,20
赤壁之战,65,都阳,,500,600,0,255,0,20
赤壁之战,66,下邳,,165000,600,290,199,100,20
赤壁之战,67,徐州,,215500,600,360,299,300,20
赤壁之战,68,淮安,,85850,600,285,0,285,20
赤壁之战,69,盱眙,,85640,600,264,0,270,20
赤壁之战,70,寿春,,226000,600,383,290,200,20
赤壁之战,71,合淝,,500,600,0,285,0,20
赤壁之战,72,江夏,刘备,219500,600,373,371,300,20
赤壁之战,73,夏口,,75750,600,255,0,256,20
赤壁之战,74,赤壁,,500,600,0,299,0,20
赤壁之战,75,湘潭,,87875,600,267,0,268,20
赤壁之战,76,桂阳,,156500,600,312,240,200,20
赤壁之战,77,长沙,刘备,195000,600,329,317,200,20
赤壁之战,78,庐陵,,130500,600,267,175,100,20
赤壁之战,79,南海,,223000,600,402,195,100,20
赤壁之战,80,豫章,孙权,68000,600,182,265,200,20
赤壁之战,81,区阿,,76840,600,244,0,255,20
赤壁之战,82,建业,孙权,351000,600,600,460,400,20
赤壁之战,83,南昌,,98950,600,289,0,300,20
赤壁之战,84,鄱阳,孙权,137000,600,244,276,200,20
赤壁之战,85,吴,孙权,317500,600,536,324,300,20
赤壁之战,86,会稽,孙权,279000,600,492,337,200,20
赤壁之战,87,松江,,87850,600,277,0,288,20
赤壁之战,88,江陵,,233000,600,422,324,300,20
赤壁之战,89,零陵,,170000,600,316,241,200,20
赤壁之战,90,桂林,,115400,600,154,114,164,20
赤壁之战,91,涪陵,,75870,600,244,0,266,20
赤壁之战,92,武陵,金旋,188000,600,358,229,200,20
赤壁之战,93,交趾,,91000,600,173,151,100,20
赤壁之战,94,建宁,,191500,600,322,195,100,20
赤壁之战,95,云南,孟获,156500,600,296,216,100,20
赤壁之战,96,夷州,,97000,600,185,105,100,20
赤壁之战,97,鹿耳门,,76780,600,233,0,244,20
赤壁之战,98,邪马台,卑弥呼,119000,600,2000,280,600,20
赤壁之战,99,阿苏,卑弥呼,65500,600,1000,195,300,20
赤壁之战,100,出云,卑弥呼,104900,600,1500,269,400,20
赤壁之战,101,佐贺,,88850,600,255,0,288,20
赤壁之战,102,阿久根,,88540,600,264,0,265,20
赤壁之战,103,下关,,86750,600,243,0,250,20
赤壁之战,104,保留,,,,,,,
赤壁之战,105,保留,,,,,,,
赤壁之战,106,保留,,,,,,,
赤壁之战,107,保留,,,,,,,
赤壁之战,108,保留,,,,,,,
赤壁之战,109,保留,,,,,,,
赤壁之战,110,保留,,,,,,,
赤壁之战,111,保留,,,,,,,
赤壁之战,112,保留,,,,,,,
赤壁之战,113,保留,,,,,,,
赤壁之战,114,保留,,,,,,,
赤壁之战,115,保留,,,,,,,
赤壁之战,116,保留,,,,,,,
赤壁之战,117,保留,,,,,,,
赤壁之战,118,保留,,,,,,,
赤壁之战,119,保留,,,,,,,
赤壁之战,120,保留,,,,,,,
赤壁之战,121,保留,,,,,,,
赤壁之战,122,保留,,,,,,,
赤壁之战,123,保留,,,,,,,
赤壁之战,124,保留,,,,,,,
赤壁之战,125,保留,,,,,,,
赤壁之战,126,保留,,,,,,,
赤壁之战,127,保留,,,,,,,
赤壁之战,128,保留,,,,,,,
赤壁之战,129,保留,,,,,,,
赤壁之战,130,保留,,,,,,,
赤壁之战,131,保留,,,,,,,
赤壁之战,132,保留,,,,,,,
赤壁之战,133,保留,,,,,,,
赤壁之战,134,保留,,,,,,,
赤壁之战,135,保留,,,,,,,
赤壁之战,136,保留,,,,,,,
赤壁之战,137,保留,,,,,,,
赤壁之战,138,保留,,,,,,,
赤壁之战,139,保留,,,,,,,
赤壁之战,140,保留,,,,,,,
赤壁之战,141,保留,,,,,,,
赤壁之战,142,保留,,,,,,,
赤壁之战,143,保留,,,,,,,
赤壁之战,144,保留,,,,,,,
赤壁之战,145,保留,,,,,,,
赤壁之战,146,保留,,,,,,,
赤壁之战,147,保留,,,,,,,
赤壁之战,148,保留,,,,,,,
赤壁之战,149,保留,,,,,,,
赤壁之战,150,保留,,,,,,,
赤壁之战,151,保留,,,,,,,
赤壁之战,152,保留,,,,,,,
赤壁之战,153,保留,,,,,,,
赤壁之战,154,保留,,,,,,,
赤壁之战,155,保留,,,,,,,
赤壁之战,156,保留,,,,,,,
赤壁之战,157,保留,,,,,,,
赤壁之战,158,保留,,,,,,,
赤壁之战,159,保留,,,,,,,
赤壁之战,160,保留,,,,,,,
赤壁之战,161,保留,,,,,,,
赤壁之战,162,保留,,,,,,,
赤壁之战,163,保留,,,,,,,
赤壁之战,164,保留,,,,,,,
赤壁之战,165,保留,,,,,,,
赤壁之战,166,保留,,,,,,,
赤壁之战,167,保留,,,,,,,
赤壁之战,168,保留,,,,,,,
赤壁之战,169,保留,,,,,,,
赤壁之战,170,保留,,,,,,,
赤壁之战,171,保留,,,,,,,
赤壁之战,172,保留,,,,,,,
赤壁之战,173,保留,,,,,,,
赤壁之战,174,保留,,,,,,,
赤壁之战,175,保留,,,,,,,
赤壁之战,176,保留,,,,,,,
赤壁之战,177,保留,,,,,,,
赤壁之战,178,保留,,,,,,,
赤壁之战,179,保留,,,,,,,
赤壁之战,180,保留,,,,,,,
赤壁之战,181,保留,,,,,,,
赤壁之战,182,保留,,,,,,,
赤壁之战,183,保留,,,,,,,
赤壁之战,184,保留,,,,,,,
赤壁之战,185,保留,,,,,,,
赤壁之战,186,保留,,,,,,,
赤壁之战,187,保留,,,,,,,
赤壁之战,188,保留,,,,,,,
赤壁之战,189,保留,,,,,,,
赤壁之战,190,保留,,,,,,,
赤壁之战,191,保留,,,,,,,
赤壁之战,192,保留,,,,,,,
赤壁之战,193,保留,,,,,,,
赤壁之战,194,保留,,,,,,,
赤壁之战,195,保留,,,,,,,
赤壁之战,196,保留,,,,,,,
赤壁之战,197,保留,,,,,,,
赤壁之战,198,保留,,,,,,,
赤壁之战,199,保留,,,,,,,
赤壁之战,200,保留,,,,,,,
赤壁之战,201,毒龙潭,,,,,,,
赤壁之战,202,猛虎穴,,,,,,,
赤壁之战,203,大雪山,,,,,,,
赤壁之战,204,火焰山,,,,,,,
赤壁之战,205,兽神洞,,,,,,,
赤壁之战,206,青龙塔,,,,,,,
赤壁之战,207,白虎塔,,,,,,,
赤壁之战,208,玄武塔,,,,,,,
赤壁之战,209,朱雀塔,,,,,,,
赤壁之战,210,麒麟塔,,,,,,,
赤壁之战,211,桃源仙乡,,,,,,,
赤壁之战,212,尸洞,,,,,,,
赤壁之战,213,九泉之渊,,,,,,,
三国鼎立,1,西凉,彻里吉,165500,600,295,270,200,20
三国鼎立,2,陇右,,105400,600,171,151,181,20
三国鼎立,3,安定,曹操,90000,600,188,111,100,20
三国鼎立,4,弘农,曹操,199500,600,341,295,200,20
三国鼎立,5,咸阳,,87800,600,244,0,255,20
三国鼎立,6,陈仓,,500,600,0,237,0,20
三国鼎立,7,扶风,,76760,600,244,0,266,20
三国鼎立,8,街亭,,111560,600,154,155,158,20
三国鼎立,9,天水,曹操,113000,600,219,189,100,20
三国鼎立,10,雁门,,500,600,0,340,0,20
三国鼎立,11,绛,,77600,600,211,0,222,20
三国鼎立,12,平阳,,48000,600,150,212,100,20
三国鼎立,13,晋阳,曹操,105000,600,234,230,100,20
三国鼎立,14,邺,曹操,237000,600,431,460,400,20
三国鼎立,15,虎牢,,500,600,0,289,0,20
三国鼎立,16,壶关,,500,600,0,287,0,20
三国鼎立,17,界桥,,500,600,0,267,0,20
三国鼎立,18,汜水,,77750,600,100,0,100,20
三国鼎立,19,代郡,曹操,84500,600,213,152,100,20
三国鼎立,20,平原,曹操,167500,600,321,336,200,20
三国鼎立,21,乌巢,,114500,600,115,145,135,20
三国鼎立,22,濮阳,曹操,214000,600,401,266,200,20
三国鼎立,23,乐陵,,500,600,0,275,0,20
三国鼎立,24,南皮,曹操,330000,600,563,382,200,20
三国鼎立,25,高唐,,78500,600,254,0,260,20
三国鼎立,26,北平,曹操,236000,600,418,235,100,20
三国鼎立,27,襄平,,152000,600,320,155,100,20
三国鼎立,28,昌黎,,68700,600,225,0,230,20
三国鼎立,29,乐浪,,197000,600,335,185,100,20
三国鼎立,30,带方,,76500,600,234,100,250,20
三国鼎立,31,下卞,,128000,600,252,113,100,20
三国鼎立,32,祁山,,500,600,0,288,0,20
三国鼎立,33,阳平,,500,600,0,270,0,20
三国鼎立,34,梓潼,刘备,228500,600,380,239,200,20
三国鼎立,35,成都,刘备,340000,600,588,439,400,20
三国鼎立,36,江州,刘备,210500,600,394,293,300,20
三国鼎立,37,五丈原,,500,600,0,340,0,20
三国鼎立,38,白水,,500,600,0,280,0,20
三国鼎立,39,上庸,刘备,160000,600,290,179,100,20
三国鼎立,40,汉中,刘备,356000,600,590,439,300,20
三国鼎立,41,筑阳,,500,600,0,288,0,20
三国鼎立,42,葭萌,,500,600,0,268,0,20
三国鼎立,43,巴郡,,76500,600,115,125,133,20
三国鼎立,44,襄阳,曹操,358000,600,585,535,400,20
三国鼎立,45,白帝,刘备,117000,600,267,135,100,20
三国鼎立,46,临江,,74560,600,125,130,135,20
三国鼎立,47,长阪坡,,500,600,0,285,0,20
三国鼎立,48,乌林,,78950,600,115,115,120,20
三国鼎立,49,郿,,79860,600,118,113,132,20
三国鼎立,50,长安,曹操,286000,600,494,455,400,20
三国鼎立,51,洛阳,曹操,261000,600,427,440,400,20
三国鼎立,52,宛,曹操,289000,600,490,325,200,20
三国鼎立,53,延津,,86860,600,225,,240,20
三国鼎立,54,官渡,,0,600,0,0,0,20
三国鼎立,55,新野,曹操,162500,600,282,190,100,20
三国鼎立,56,许昌,曹操,278500,600,473,550,400,20
三国鼎立,57,汝南,曹操,153000,600,275,306,200,20
三国鼎立,58,陈留,曹操,222000,600,393,277,200,20
三国鼎立,59,庐江,孙权,392000,600,651,360,300,20
三国鼎立,60,谯,曹操,253000,600,424,220,200,20
三国鼎立,61,小沛,,114500,600,115,120,125,20
三国鼎立,62,定陶,,500,600,0,255,0,20
三国鼎立,63,乐安,,77620,600,252,0,240,20
三国鼎立,64,北海,曹操,94500,600,231,189,100,20
三国鼎立,65,都阳,,500,600,0,277,0,20
三国鼎立,66,下邳,,169000,600,299,171,100,20
三国鼎立,67,徐州,曹操,221000,600,400,331,300,20
三国鼎立,68,淮安,,76760,600,277,0,280,20
三国鼎立,69,盱眙,,76760,600,255,0,260,20
三国鼎立,70,寿春,曹操,232000,600,439,325,300,20
三国鼎立,71,合淝,,500,600,0,288,0,20
三国鼎立,72,江夏,孙权,226000,600,412,389,200,20
三国鼎立,73,夏口,,76780,600,244,0,250,20
三国鼎立,74,赤壁,,500,600,0,330,0,20
三国鼎立,75,湘潭,,86850,600,255,0,277,20
三国鼎立,76,桂阳,孙权,161000,600,331,224,200,20
三国鼎立,77,长沙,孙权,200000,600,361,317,200,20
三国鼎立,78,庐陵,孙权,134500,600,259,171,100,20
三国鼎立,79,南海,,229500,600,408,174,100,20
三国鼎立,80,豫章,孙权,70500,600,188,270,100,20
三国鼎立,81,区阿,,74760,600,244,0,255,20
三国鼎立,82,建业,孙权,361000,600,612,479,400,20
三国鼎立,83,南昌,,76720,600,255,0,266,20
三国鼎立,84,鄱阳,孙权,141500,600,287,246,100,20
三国鼎立,85,吴,孙权,327000,600,539,299,300,20
三国鼎立,86,会稽,,287500,600,481,279,200,20
三国鼎立,87,松江,,73720,600,255,0,266,20
三国鼎立,88,江陵,刘备,239500,600,445,364,200,20
三国鼎立,89,零陵,,175500,600,323,225,200,20
三国鼎立,90,桂林,,115400,600,115,114,130,20
三国鼎立,91,涪陵,,76780,600,258,0,268,20
三国鼎立,92,武陵,刘备,193000,600,376,250,200,20
三国鼎立,93,交趾,孙权,93000,600,198,160,100,20
三国鼎立,94,建宁,,197000,600,383,145,200,20
三国鼎立,95,云南,孟获,161500,600,321,256,200,20
三国鼎立,96,夷州,,99000,600,193,101,100,20
三国鼎立,97,鹿耳门,,86890,600,285,0,290,20
三国鼎立,98,邪马台,卑弥呼,129000,600,2000,280,600,20
三国鼎立,99,阿苏,卑弥呼,72000,600,1000,195,300,20
三国鼎立,100,出云,卑弥呼,106500,600,1500,269,400,20
三国鼎立,101,佐贺,,84850,600,284,0,285,20
三国鼎立,102,阿久根,,86850,600,289,0,290,20
三国鼎立,103,下关,,83850,600,286,0,290,20
三国鼎立,104,保留,,,,,,,
三国鼎立,105,保留,,,,,,,
三国鼎立,106,保留,,,,,,,
三国鼎立,107,保留,,,,,,,
三国鼎立,108,保留,,,,,,,
三国鼎立,109,保留,,,,,,,
三国鼎立,110,保留,,,,,,,
三国鼎立,111,保留,,,,,,,
三国鼎立,112,保留,,,,,,,
三国鼎立,113,保留,,,,,,,
三国鼎立,114,保留,,,,,,,
三国鼎立,115,保留,,,,,,,
三国鼎立,116,保留,,,,,,,
三国鼎立,117,保留,,,,,,,
三国鼎立,118,保留,,,,,,,
三国鼎立,119,保留,,,,,,,
三国鼎立,120,保留,,,,,,,
三国鼎立,121,保留,,,,,,,
三国鼎立,122,保留,,,,,,,
三国鼎立,123,保留,,,,,,,
三国鼎立,124,保留,,,,,,,
三国鼎立,125,保留,,,,,,,
三国鼎立,126,保留,,,,,,,
三国鼎立,127,保留,,,,,,,
三国鼎立,128,保留,,,,,,,
三国鼎立,129,保留,,,,,,,
三国鼎立,130,保留,,,,,,,
三国鼎立,131,保留,,,,,,,
三国鼎立,132,保留,,,,,,,
三国鼎立,133,保留,,,,,,,
三国鼎立,134,保留,,,,,,,
三国鼎立,135,保留,,,,,,,
三国鼎立,136,保留,,,,,,,
三国鼎立,137,保留,,,,,,,
三国鼎立,138,保留,,,,,,,
三国鼎立,139,保留,,,,,,,
三国鼎立,140,保留,,,,,,,
三国鼎立,141,保留,,,,,,,
三国鼎立,142,保留,,,,,,,
三国鼎立,143,保留,,,,,,,
三国鼎立,144,保留,,,,,,,
三国鼎立,145,保留,,,,,,,
三国鼎立,146,保留,,,,,,,
三国鼎立,147,保留,,,,,,,
三国鼎立,148,保留,,,,,,,
三国鼎立,149,保留,,,,,,,
三国鼎立,150,保留,,,,,,,
三国鼎立,151,保留,,,,,,,
三国鼎立,152,保留,,,,,,,
三国鼎立,153,保留,,,,,,,
三国鼎立,154,保留,,,,,,,
三国鼎立,155,保留,,,,,,,
三国鼎立,156,保留,,,,,,,
三国鼎立,157,保留,,,,,,,
三国鼎立,158,保留,,,,,,,
三国鼎立,159,保留,,,,,,,
三国鼎立,160,保留,,,,,,,
三国鼎立,161,保留,,,,,,,
三国鼎立,162,保留,,,,,,,
三国鼎立,163,保留,,,,,,,
三国鼎立,164,保留,,,,,,,
三国鼎立,165,保留,,,,,,,
三国鼎立,166,保留,,,,,,,
三国鼎立,167,保留,,,,,,,
三国鼎立,168,保留,,,,,,,
三国鼎立,169,保留,,,,,,,
三国鼎立,170,保留,,,,,,,
三国鼎立,171,保留,,,,,,,
三国鼎立,172,保留,,,,,,,
三国鼎立,173,保留,,,,,,,
三国鼎立,174,保留,,,,,,,
三国鼎立,175,保留,,,,,,,
三国鼎立,176,保留,,,,,,,
三国鼎立,177,保留,,,,,,,
三国鼎立,178,保留,,,,,,,
三国鼎立,179,保留,,,,,,,
三国鼎立,180,保留,,,,,,,
三国鼎立,181,保留,,,,,,,
三国鼎立,182,保留,,,,,,,
三国鼎立,183,保留,,,,,,,
三国鼎立,184,保留,,,,,,,
三国鼎立,185,保留,,,,,,,
三国鼎立,186,保留,,,,,,,
三国鼎立,187,保留,,,,,,,
三国鼎立,188,保留,,,,,,,
三国鼎立,189,保留,,,,,,,
三国鼎立,190,保留,,,,,,,
三国鼎立,191,保留,,,,,,,
三国鼎立,192,保留,,,,,,,
三国鼎立,193,保留,,,,,,,
三国鼎立,194,保留,,,,,,,
三国鼎立,195,保留,,,,,,,
三国鼎立,196,保留,,,,,,,
三国鼎立,197,保留,,,,,,,
三国鼎立,198,保留,,,,,,,
三国鼎立,199,保留,,,,,,,
三国鼎立,200,保留,,,,,,,
三国鼎立,201,毒龙潭,,,,,,,
三国鼎立,202,猛虎穴,,,,,,,
三国鼎立,203,大雪山,,,,,,,
三国鼎立,204,火焰山,,,,,,,
三国鼎立,205,兽神洞,,,,,,,
三国鼎立,206,青龙塔,,,,,,,
三国鼎立,207,白虎塔,,,,,,,
三国鼎立,208,玄武塔,,,,,,,
三国鼎立,209,朱雀塔,,,,,,,
三国鼎立,210,麒麟塔,,,,,,,
三国鼎立,211,桃源仙乡,,,,,,,
三国鼎立,212,尸洞,,,,,,,
三国鼎立,213,九泉之渊,,,,,,,
天下归魏,1,西凉,,169000,600,302,227,200,20
天下归魏,2,陇右,,115600,600,114,115,120,20
天下归魏,3,安定,曹操,92000,600,175,117,100,20
天下归魏,4,弘农,曹操,203000,600,402,305,200,20
天下归魏,5,咸阳,,76500,600,255,0,260,20
天下归魏,6,陈仓,,500,600,0,277,0,20
天下归魏,7,扶风,,75740,600,254,0,164,20
天下归魏,8,街亭,,100500,600,115,140,150,20
天下归魏,9,天水,曹操,116500,600,222,189,100,20
天下归魏,10,雁门,,500,600,0,340,0,20
天下归魏,11,绛,,86860,600,277,0,280,20
天下归魏,12,平阳,曹操,51000,600,160,228,100,20
天下归魏,13,晋阳,曹操,107000,600,200,230,100,20
天下归魏,14,邺,曹操,242500,600,436,435,400,20
天下归魏,15,虎牢,,500,600,0,327,0,20
天下归魏,16,壶关,,500,600,0,257,0,20
天下归魏,17,界桥,,500,600,0,287,0,20
天下归魏,18,汜水,,76780,600,255,0,268,20
天下归魏,19,代郡,曹操,86000,600,169,162,100,20
天下归魏,20,平原,曹操,171000,600,343,295,200,20
天下归魏,21,乌巢,,111520,600,231,0,244,20
天下归魏,22,濮阳,曹操,218000,600,400,246,200,20
天下归魏,23,乐陵,,500,600,0,255,0,20
天下归魏,24,南皮,曹操,336500,600,565,362,200,20
天下归魏,25,高唐,,86820,600,274,0,280,20
天下归魏,26,北平,曹操,241500,600,447,245,100,20
天下归魏,27,襄平,曹操,155000,600,327,160,100,20
天下归魏,28,昌黎,,73720,600,213,0,220,20
天下归魏,29,乐浪,,201500,600,350,185,100,20
天下归魏,30,带方,,74710,600,231,100,222,20
天下归魏,31,下卞,曹操,130500,600,266,103,100,20
天下归魏,32,祁山,,500,600,0,289,0,20
天下归魏,33,阳平,,500,600,0,299,0,20
天下归魏,34,梓潼,曹操,233000,600,453,219,200,20
天下归魏,35,成都,曹操,347000,600,609,419,400,20
天下归魏,36,江州,曹操,214000,600,397,298,300,20
天下归魏,37,五丈原,,500,600,0,288,0,20
天下归魏,38,白水,,500,600,0,277,0,20
天下归魏,39,上庸,曹操,163000,600,331,199,100,20
天下归魏,40,汉中,曹操,363000,600,594,399,300,20
天下归魏,41,筑阳,,500,600,0,299,0,20
天下归魏,42,葭萌,,500,600,0,277,0,20
天下归魏,43,巴郡,,71730,600,241,0,244,20
天下归魏,44,襄阳,曹操,365000,600,598,530,400,20
天下归魏,45,白帝,曹操,120500,600,228,175,100,20
天下归魏,46,临江,,71740,600,255,0,260,20
天下归魏,47,长阪坡,,500,600,0,340,0,20
天下归魏,48,乌林,,70720,600,214,0,231,20
天下归魏,49,郿,,70060,600,211,0,231,20
天下归魏,50,长安,曹操,292000,600,517,460,400,20
天下归魏,51,洛阳,曹操,266500,600,438,401,400,20
天下归魏,52,宛,曹操,295500,600,503,335,200,20
天下归魏,53,延津,,80820,600,214,0,228,20
天下归魏,54,官渡,,500,600,0,330,0,20
天下归魏,55,新野,曹操,165000,600,310,200,100,20
天下归魏,56,许昌,曹操,283000,600,460,515,400,20
天下归魏,57,汝南,曹操,156000,600,278,276,200,20
天下归魏,58,陈留,曹操,226000,600,378,287,200,20
天下归魏,59,庐江,曹操,400500,600,677,340,300,20
天下归魏,60,谯,曹操,258000,600,421,200,200,20
天下归魏,61,小沛,,110010,600,115,118,120,20
天下归魏,62,定陶,,500,600,0,277,0,20
天下归魏,63,乐安,,71460,600,214,0,223,20
天下归魏,64,北海,曹操,96000,600,196,189,100,20
天下归魏,65,都阳,,500,600,0,266,0,20
天下归魏,66,下邳,曹操,173000,600,356,161,100,20
天下归魏,67,徐州,曹操,226500,600,382,351,300,20
天下归魏,68,淮安,,71750,600,225,0,264,20
天下归魏,69,盱眙,,70350,600,225,0,234,20
天下归魏,70,寿春,曹操,237000,600,416,375,300,20
天下归魏,71,合淝,,500,600,0,280,0,20
天下归魏,72,江夏,曹操,230500,600,381,379,200,20
天下归魏,73,夏口,,71750,600,151,0,160,20
天下归魏,74,赤壁,,500,600,0,310,0,20
天下归魏,75,湘潭,,61680,600,115,0,121,20
天下归魏,76,桂阳,曹操,164500,600,332,214,200,20
天下归魏,77,长沙,曹操,204000,600,353,298,200,20
天下归魏,78,庐陵,曹操,137500,600,270,141,100,20
天下归魏,79,南海,曹操,234000,600,408,194,100,20
天下归魏,80,豫章,曹操,71000,600,156,250,100,20
天下归魏,81,区阿,,85210,600,140,0,150,20
天下归魏,82,建业,曹操,368000,600,634,489,400,20
天下归魏,83,南昌,,65470,600,223,0,225,20
天下归魏,84,鄱阳,曹操,143000,600,278,226,100,20
天下归魏,85,吴,曹操,333500,600,599,300,300,20
天下归魏,86,会稽,曹操,293000,600,543,259,200,20
天下归魏,87,松江,,77710,600,224,0,226,20
天下归魏,88,江陵,曹操,244000,600,433,365,200,20
天下归魏,89,零陵,曹操,178000,600,335,195,200,20
天下归魏,90,桂林,,111150,600,140,115,150,20
天下归魏,91,涪陵,,75750,600,154,0,160,20
天下归魏,92,武陵,曹操,197000,600,376,251,200,20
天下归魏,93,交趾,曹操,95000,600,221,179,100,20
天下归魏,94,建宁,曹操,201500,600,397,239,200,20
天下归魏,95,云南,,164500,600,319,296,200,20
天下归魏,96,夷州,,181000,600,230,91,100,20
天下归魏,97,鹿耳门,,68650,600,152,0,162,20
天下归魏,98,邪马台,曹操,115000,600,2000,280,400,20
天下归魏,99,阿苏,曹操,69000,600,1000,195,200,20
天下归魏,100,出云,曹操,102000,600,1500,269,300,20
天下归魏,101,佐贺,,85820,600,152,0,180,20
天下归魏,102,阿久根,,86870,600,162,0,170,20
天下归魏,103,下关,,86880,600,142,0,160,20
天下归魏,104,保留,,,,,,,
天下归魏,105,保留,,,,,,,
天下归魏,106,保留,,,,,,,
天下归魏,107,保留,,,,,,,
天下归魏,108,保留,,,,,,,
天下归魏,109,保留,,,,,,,
天下归魏,110,保留,,,,,,,
天下归魏,111,保留,,,,,,,
天下归魏,112,保留,,,,,,,
天下归魏,113,保留,,,,,,,
天下归魏,114,保留,,,,,,,
天下归魏,115,保留,,,,,,,
天下归魏,116,保留,,,,,,,
天下归魏,117,保留,,,,,,,
天下归魏,118,保留,,,,,,,
天下归魏,119,保留,,,,,,,
天下归魏,120,保留,,,,,,,
天下归魏,121,保留,,,,,,,
天下归魏,122,保留,,,,,,,
天下归魏,123,保留,,,,,,,
天下归魏,124,保留,,,,,,,
天下归魏,125,保留,,,,,,,
天下归魏,126,保留,,,,,,,
天下归魏,127,保留,,,,,,,
天下归魏,128,保留,,,,,,,
天下归魏,129,保留,,,,,,,
天下归魏,130,保留,,,,,,,
天下归魏,131,保留,,,,,,,
天下归魏,132,保留,,,,,,,
天下归魏,133,保留,,,,,,,
天下归魏,134,保留,,,,,,,
天下归魏,135,保留,,,,,,,
天下归魏,136,保留,,,,,,,
天下归魏,137,保留,,,,,,,
天下归魏,138,保留,,,,,,,
天下归魏,139,保留,,,,,,,
天下归魏,140,保留,,,,,,,
天下归魏,141,保留,,,,,,,
天下归魏,142,保留,,,,,,,
天下归魏,143,保留,,,,,,,
天下归魏,144,保留,,,,,,,
天下归魏,145,保留,,,,,,,
天下归魏,146,保留,,,,,,,
天下归魏,147,保留,,,,,,,
天下归魏,148,保留,,,,,,,
天下归魏,149,保留,,,,,,,
天下归魏,150,保留,,,,,,,
天下归魏,151,保留,,,,,,,
天下归魏,152,保留,,,,,,,
天下归魏,153,保留,,,,,,,
天下归魏,154,保留,,,,,,,
天下归魏,155,保留,,,,,,,
天下归魏,156,保留,,,,,,,
天下归魏,157,保留,,,,,,,
天下归魏,158,保留,,,,,,,
天下归魏,159,保留,,,,,,,
天下归魏,160,保留,,,,,,,
天下归魏,161,保留,,,,,,,
天下归魏,162,保留,,,,,,,
天下归魏,163,保留,,,,,,,
天下归魏,164,保留,,,,,,,
天下归魏,165,保留,,,,,,,
天下归魏,166,保留,,,,,,,
天下归魏,167,保留,,,,,,,
天下归魏,168,保留,,,,,,,
天下归魏,169,保留,,,,,,,
天下归魏,170,保留,,,,,,,
天下归魏,171,保留,,,,,,,
天下归魏,172,保留,,,,,,,
天下归魏,173,保留,,,,,,,
天下归魏,174,保留,,,,,,,
天下归魏,175,保留,,,,,,,
天下归魏,176,保留,,,,,,,
天下归魏,177,保留,,,,,,,
天下归魏,178,保留,,,,,,,
天下归魏,179,保留,,,,,,,
天下归魏,180,保留,,,,,,,
天下归魏,181,保留,,,,,,,
天下归魏,182,保留,,,,,,,
天下归魏,183,保留,,,,,,,
天下归魏,184,保留,,,,,,,
天下归魏,185,保留,,,,,,,
天下归魏,186,保留,,,,,,,
天下归魏,187,保留,,,,,,,
天下归魏,188,保留,,,,,,,
天下归魏,189,保留,,,,,,,
天下归魏,190,保留,,,,,,,
天下归魏,191,保留,,,,,,,
天下归魏,192,保留,,,,,,,
天下归魏,193,保留,,,,,,,
天下归魏,194,保留,,,,,,,
天下归魏,195,保留,,,,,,,
天下归魏,196,保留,,,,,,,
天下归魏,197,保留,,,,,,,
天下归魏,198,保留,,,,,,,
天下归魏,199,保留,,,,,,,
天下归魏,200,保留,,,,,,,
天下归魏,201,毒龙潭,,,,,,,
天下归魏,202,猛虎穴,,,,,,,
天下归魏,203,大雪山,,,,,,,
天下归魏,204,火焰山,,,,,,,
天下归魏,205,兽神洞,,,,,,,
天下归魏,206,青龙塔,,,,,,,
天下归魏,207,白虎塔,,,,,,,
天下归魏,208,玄武塔,,,,,,,
天下归魏,209,朱雀塔,,,,,,,
天下归魏,210,麒麟塔,,,,,,,
天下归魏,211,桃源仙乡,,,,,,,
天下归魏,212,尸洞,,,,,,,
天下归魏,213,九泉之渊,,,,,,,
巾帼争霸,1,西凉,马云萝,165500,600,295,270,200,20
巾帼争霸,2,陇右,马云萝,105400,600,171,151,181,20
巾帼争霸,3,安定,马云萝,90000,600,188,111,100,20
巾帼争霸,4,弘农,,199500,600,341,295,200,20
巾帼争霸,5,咸阳,,87800,600,244,0,255,20
巾帼争霸,6,陈仓,,500,600,0,237,0,20
巾帼争霸,7,扶风,,76760,600,244,0,266,20
巾帼争霸,8,街亭,马云萝,111560,600,154,155,158,20
巾帼争霸,9,天水,,113000,600,219,189,100,20
巾帼争霸,10,雁门,,500,600,0,340,0,20
巾帼争霸,11,绛,,77600,600,211,0,222,20
巾帼争霸,12,平阳,,48000,600,150,212,100,20
巾帼争霸,13,晋阳,,105000,600,234,230,100,20
巾帼争霸,14,邺,,237000,600,431,460,400,20
巾帼争霸,15,虎牢,,500,600,0,289,0,20
巾帼争霸,16,壶关,,500,600,0,287,0,20
巾帼争霸,17,界桥,,500,600,0,267,0,20
巾帼争霸,18,汜水,,77750,600,100,0,100,20
巾帼争霸,19,代郡,乔乔,84500,600,213,152,100,20
巾帼争霸,20,平原,乔乔,167500,600,321,336,200,20
巾帼争霸,21,乌巢,乔乔,114500,600,115,145,135,20
巾帼争霸,22,濮阳,乔乔,214000,600,401,266,200,20
巾帼争霸,23,乐陵,,500,600,0,275,0,20
巾帼争霸,24,南皮,袁杏,330000,600,563,382,200,20
巾帼争霸,25,高唐,,78500,600,254,0,260,20
巾帼争霸,26,北平,袁杏,236000,600,418,235,100,20
巾帼争霸,27,襄平,袁杏,152000,600,320,155,100,20
巾帼争霸,28,昌黎,,68700,600,225,0,230,20
巾帼争霸,29,乐浪,,197000,600,335,185,100,20
巾帼争霸,30,带方,,76500,600,234,100,250,20
巾帼争霸,31,下卞,,128000,600,252,113,100,20
巾帼争霸,32,祁山,,500,600,0,288,0,20
巾帼争霸,33,阳平,,500,600,0,270,0,20
巾帼争霸,34,梓潼,刘莹,228500,600,380,239,200,20
巾帼争霸,35,成都,刘莹,340000,600,588,439,400,20
巾帼争霸,36,江州,刘莹,210500,600,394,293,300,20
巾帼争霸,37,五丈原,,500,600,0,340,0,20
巾帼争霸,38,白水,,500,600,0,280,0,20
巾帼争霸,39,上庸,刘莹,160000,600,290,179,100,20
巾帼争霸,40,汉中,刘莹,356000,600,590,439,300,20
巾帼争霸,41,筑阳,,500,600,0,288,0,20
巾帼争霸,42,葭萌,,500,600,0,268,0,20
巾帼争霸,43,巴郡,,76500,600,115,125,133,20
巾帼争霸,44,襄阳,,358000,600,585,535,400,20
巾帼争霸,45,白帝,刘莹,117000,600,267,135,100,20
巾帼争霸,46,临江,,74560,600,125,130,135,20
巾帼争霸,47,长阪坡,,500,600,0,285,0,20
巾帼争霸,48,乌林,,78950,600,115,115,120,20
巾帼争霸,49,郿,,79860,600,118,113,132,20
巾帼争霸,50,长安,曹华,286000,600,494,455,400,20
巾帼争霸,51,洛阳,曹华,261000,600,427,440,400,20
巾帼争霸,52,宛,曹华,289000,600,490,325,200,20
巾帼争霸,53,延津,,86860,600,225,,240,20
巾帼争霸,54,官渡,,0,600,0,0,0,20
巾帼争霸,55,新野,曹华,162500,600,282,190,100,20
巾帼争霸,56,许昌,曹华,278500,600,473,550,400,20
巾帼争霸,57,汝南,曹华,153000,600,275,306,200,20
巾帼争霸,58,陈留,,222000,600,393,277,200,20
巾帼争霸,59,庐江,,392000,600,651,360,300,20
巾帼争霸,60,谯,,253000,600,424,220,200,20
巾帼争霸,61,小沛,貂蝉,114500,600,115,120,125,20
巾帼争霸,62,定陶,,500,600,0,255,0,20
巾帼争霸,63,乐安,,77620,600,252,0,240,20
巾帼争霸,64,北海,貂蝉,94500,600,231,189,100,20
巾帼争霸,65,都阳,,500,600,0,277,0,20
巾帼争霸,66,下邳,貂蝉,169000,600,299,171,100,20
巾帼争霸,67,徐州,貂蝉,221000,600,400,331,300,20
巾帼争霸,68,淮安,,76760,600,277,0,280,20
巾帼争霸,69,盱眙,,76760,600,255,0,260,20
巾帼争霸,70,寿春,,232000,600,439,325,300,20
巾帼争霸,71,合淝,,500,600,0,288,0,20
巾帼争霸,72,江夏,,226000,600,412,389,200,20
巾帼争霸,73,夏口,,76780,600,244,0,250,20
巾帼争霸,74,赤壁,,500,600,0,330,0,20
巾帼争霸,75,湘潭,,86850,600,255,0,277,20
巾帼争霸,76,桂阳,,161000,600,331,224,200,20
巾帼争霸,77,长沙,,200000,600,361,317,200,20
巾帼争霸,78,庐陵,,134500,600,259,171,100,20
巾帼争霸,79,南海,孙仁,229500,600,408,174,100,20
巾帼争霸,80,豫章,孙仁,70500,600,188,270,100,20
巾帼争霸,81,区阿,,74760,600,244,0,255,20
巾帼争霸,82,建业,孙仁,361000,600,612,479,400,20
巾帼争霸,83,南昌,,76720,600,255,0,266,20
巾帼争霸,84,鄱阳,孙仁,141500,600,287,246,100,20
巾帼争霸,85,吴,孙仁,327000,600,539,299,300,20
巾帼争霸,86,会稽,孙仁,287500,600,481,279,200,20
巾帼争霸,87,松江,,73720,600,255,0,266,20
巾帼争霸,88,江陵,,239500,600,445,364,200,20
巾帼争霸,89,零陵,,175500,600,323,225,200,20
巾帼争霸,90,桂林,,115400,600,115,114,130,20
巾帼争霸,91,涪陵,,76780,600,258,0,268,20
巾帼争霸,92,武陵,祝融夫人,193000,600,376,250,200,20
巾帼争霸,93,交趾,祝融夫人,93000,600,198,160,100,20
巾帼争霸,94,建宁,祝融夫人,197000,600,383,145,200,20
巾帼争霸,95,云南,祝融夫人,161500,600,321,256,200,20
巾帼争霸,96,夷州,,99000,600,193,101,100,20
巾帼争霸,97,鹿耳门,,86890,600,285,0,290,20
巾帼争霸,98,邪马台,卑弥呼,129000,600,2000,280,600,20
巾帼争霸,99,阿苏,卑弥呼,72000,600,1000,195,300,20
巾帼争霸,100,出云,卑弥呼,106500,600,1500,269,400,20
巾帼争霸,101,佐贺,,84850,600,284,0,285,20
巾帼争霸,102,阿久根,,86850,600,289,0,290,20
巾帼争霸,103,下关,,83850,600,286,0,290,20
巾帼争霸,104,保留,,,,,,,
巾帼争霸,105,保留,,,,,,,
巾帼争霸,106,保留,,,,,,,
巾帼争霸,107,保留,,,,,,,
巾帼争霸,108,保留,,,,,,,
巾帼争霸,109,保留,,,,,,,
巾帼争霸,110,保留,,,,,,,
巾帼争霸,111,保留,,,,,,,
巾帼争霸,112,保留,,,,,,,
巾帼争霸,113,保留,,,,,,,
巾帼争霸,114,保留,,,,,,,
巾帼争霸,115,保留,,,,,,,
巾帼争霸,116,保留,,,,,,,
巾帼争霸,117,保留,,,,,,,
巾帼争霸,118,保留,,,,,,,
巾帼争霸,119,保留,,,,,,,
巾帼争霸,120,保留,,,,,,,
巾帼争霸,121,保留,,,,,,,
巾帼争霸,122,保留,,,,,,,
巾帼争霸,123,保留,,,,,,,
巾帼争霸,124,保留,,,,,,,
巾帼争霸,125,保留,,,,,,,
巾帼争霸,126,保留,,,,,,,
巾帼争霸,127,保留,,,,,,,
巾帼争霸,128,保留,,,,,,,
巾帼争霸,129,保留,,,,,,,
巾帼争霸,130,保留,,,,,,,
巾帼争霸,131,保留,,,,,,,
巾帼争霸,132,保留,,,,,,,
巾帼争霸,133,保留,,,,,,,
巾帼争霸,134,保留,,,,,,,
巾帼争霸,135,保留,,,,,,,
巾帼争霸,136,保留,,,,,,,
巾帼争霸,137,保留,,,,,,,
巾帼争霸,138,保留,,,,,,,
巾帼争霸,139,保留,,,,,,,
巾帼争霸,140,保留,,,,,,,
巾帼争霸,141,保留,,,,,,,
巾帼争霸,142,保留,,,,,,,
巾帼争霸,143,保留,,,,,,,
巾帼争霸,144,保留,,,,,,,
巾帼争霸,145,保留,,,,,,,
巾帼争霸,146,保留,,,,,,,
巾帼争霸,147,保留,,,,,,,
巾帼争霸,148,保留,,,,,,,
巾帼争霸,149,保留,,,,,,,
巾帼争霸,150,保留,,,,,,,
巾帼争霸,151,保留,,,,,,,
巾帼争霸,152,保留,,,,,,,
巾帼争霸,153,保留,,,,,,,
巾帼争霸,154,保留,,,,,,,
巾帼争霸,155,保留,,,,,,,
巾帼争霸,156,保留,,,,,,,
巾帼争霸,157,保留,,,,,,,
巾帼争霸,158,保留,,,,,,,
巾帼争霸,159,保留,,,,,,,
巾帼争霸,160,保留,,,,,,,
巾帼争霸,161,保留,,,,,,,
巾帼争霸,162,保留,,,,,,,
巾帼争霸,163,保留,,,,,,,
巾帼争霸,164,保留,,,,,,,
巾帼争霸,165,保留,,,,,,,
巾帼争霸,166,保留,,,,,,,
巾帼争霸,167,保留,,,,,,,
巾帼争霸,168,保留,,,,,,,
巾帼争霸,169,保留,,,,,,,
巾帼争霸,170,保留,,,,,,,
巾帼争霸,171,保留,,,,,,,
巾帼争霸,172,保留,,,,,,,
巾帼争霸,173,保留,,,,,,,
巾帼争霸,174,保留,,,,,,,
巾帼争霸,175,保留,,,,,,,
巾帼争霸,176,保留,,,,,,,
巾帼争霸,177,保留,,,,,,,
巾帼争霸,178,保留,,,,,,,
巾帼争霸,179,保留,,,,,,,
巾帼争霸,180,保留,,,,,,,
巾帼争霸,181,保留,,,,,,,
巾帼争霸,182,保留,,,,,,,
巾帼争霸,183,保留,,,,,,,
巾帼争霸,184,保留,,,,,,,
巾帼争霸,185,保留,,,,,,,
巾帼争霸,186,保留,,,,,,,
巾帼争霸,187,保留,,,,,,,
巾帼争霸,188,保留,,,,,,,
巾帼争霸,189,保留,,,,,,,
巾帼争霸,190,保留,,,,,,,
巾帼争霸,191,保留,,,,,,,
巾帼争霸,192,保留,,,,,,,
巾帼争霸,193,保留,,,,,,,
巾帼争霸,194,保留,,,,,,,
巾帼争霸,195,保留,,,,,,,
巾帼争霸,196,保留,,,,,,,
巾帼争霸,197,保留,,,,,,,
巾帼争霸,198,保留,,,,,,,
巾帼争霸,199,保留,,,,,,,
巾帼争霸,200,保留,,,,,,,
巾帼争霸,201,毒龙潭,,,,,,,
巾帼争霸,202,猛虎穴,,,,,,,
巾帼争霸,203,大雪山,,,,,,,
巾帼争霸,204,火焰山,,,,,,,
巾帼争霸,205,兽神洞,,,,,,,
巾帼争霸,206,青龙塔,,,,,,,
巾帼争霸,207,白虎塔,,,,,,,
巾帼争霸,208,玄武塔,,,,,,,
巾帼争霸,209,朱雀塔,,,,,,,
巾帼争霸,210,麒麟塔,,,,,,,
巾帼争霸,211,桃源仙乡,,,,,,,
巾帼争霸,212,尸洞,,,,,,,
巾帼争霸,213,九泉之渊,,,,,,,
乱世称雄,1,西凉,马云萝,165500,600,295,270,200,20
乱世称雄,2,陇右,马云萝,105400,600,171,151,181,20
乱世称雄,3,安定,马云萝,90000,600,188,111,100,20
乱世称雄,4,弘农,,199500,600,341,295,200,20
乱世称雄,5,咸阳,,87800,600,244,0,255,20
乱世称雄,6,陈仓,,500,600,0,237,0,20
乱世称雄,7,扶风,,76760,600,244,0,266,20
乱世称雄,8,街亭,马云萝,111560,600,154,155,158,20
乱世称雄,9,天水,,113000,600,219,189,100,20
乱世称雄,10,雁门,,500,600,0,340,0,20
乱世称雄,11,绛,,77600,600,211,0,222,20
乱世称雄,12,平阳,,48000,600,150,212,100,20
乱世称雄,13,晋阳,,105000,600,234,230,100,20
乱世称雄,14,邺,,237000,600,431,460,400,20
乱世称雄,15,虎牢,,500,600,0,289,0,20
乱世称雄,16,壶关,,500,600,0,287,0,20
乱世称雄,17,界桥,,500,600,0,267,0,20
乱世称雄,18,汜水,,77750,600,100,0,100,20
乱世称雄,19,代郡,乔乔,84500,600,213,152,100,20
乱世称雄,20,平原,乔乔,167500,600,321,336,200,20
乱世称雄,21,乌巢,乔乔,114500,600,115,145,135,20
乱世称雄,22,濮阳,乔乔,214000,600,401,266,200,20
乱世称雄,23,乐陵,,500,600,0,275,0,20
乱世称雄,24,南皮,袁杏,330000,600,563,382,200,20
乱世称雄,25,高唐,,78500,600,254,0,260,20
乱世称雄,26,北平,袁杏,236000,600,418,235,100,20
乱世称雄,27,襄平,袁杏,152000,600,320,155,100,20
乱世称雄,28,昌黎,,68700,600,225,0,230,20
乱世称雄,29,乐浪,,197000,600,335,185,100,20
乱世称雄,30,带方,,76500,600,234,100,250,20
乱世称雄,31,下卞,,128000,600,252,113,100,20
乱世称雄,32,祁山,,500,600,0,288,0,20
乱世称雄,33,阳平,,500,600,0,270,0,20
乱世称雄,34,梓潼,刘莹,228500,600,380,239,200,20
乱世称雄,35,成都,刘莹,340000,600,588,439,400,20
乱世称雄,36,江州,刘莹,210500,600,394,293,300,20
乱世称雄,37,五丈原,,500,600,0,340,0,20
乱世称雄,38,白水,,500,600,0,280,0,20
乱世称雄,39,上庸,刘莹,160000,600,290,179,100,20
乱世称雄,40,汉中,刘莹,356000,600,590,439,300,20
乱世称雄,41,筑阳,,500,600,0,288,0,20
乱世称雄,42,葭萌,,500,600,0,268,0,20
乱世称雄,43,巴郡,,76500,600,115,125,133,20
乱世称雄,44,襄阳,,358000,600,585,535,400,20
乱世称雄,45,白帝,刘莹,117000,600,267,135,100,20
乱世称雄,46,临江,,74560,600,125,130,135,20
乱世称雄,47,长阪坡,,500,600,0,285,0,20
乱世称雄,48,乌林,,78950,600,115,115,120,20
乱世称雄,49,郿,,79860,600,118,113,132,20
乱世称雄,50,长安,曹华,286000,600,494,455,400,20
乱世称雄,51,洛阳,曹华,261000,600,427,440,400,20
乱世称雄,52,宛,曹华,289000,600,490,325,200,20
乱世称雄,53,延津,,86860,600,225,,240,20
乱世称雄,54,官渡,,0,600,0,0,0,20
乱世称雄,55,新野,曹华,162500,600,282,190,100,20
乱世称雄,56,许昌,曹华,278500,600,473,550,400,20
乱世称雄,57,汝南,曹华,153000,600,275,306,200,20
乱世称雄,58,陈留,,222000,600,393,277,200,20
乱世称雄,59,庐江,,392000,600,651,360,300,20
乱世称雄,60,谯,,253000,600,424,220,200,20
乱世称雄,61,小沛,貂蝉,114500,600,115,120,125,20
乱世称雄,62,定陶,,500,600,0,255,0,20
乱世称雄,63,乐安,,77620,600,252,0,240,20
乱世称雄,64,北海,貂蝉,94500,600,231,189,100,20
乱世称雄,65,都阳,,500,600,0,277,0,20
乱世称雄,66,下邳,貂蝉,169000,600,299,171,100,20
乱世称雄,67,徐州,貂蝉,221000,600,400,331,300,20
乱世称雄,68,淮安,,76760,600,277,0,280,20
乱世称雄,69,盱眙,,76760,600,255,0,260,20
乱世称雄,70,寿春,,232000,600,439,325,300,20
乱世称雄,71,合淝,,500,600,0,288,0,20
乱世称雄,72,江夏,,226000,600,412,389,200,20
乱世称雄,73,夏口,,76780,600,244,0,250,20
乱世称雄,74,赤壁,,500,600,0,330,0,20
乱世称雄,75,湘潭,,86850,600,255,0,277,20
乱世称雄,76,桂阳,,161000,600,331,224,200,20
乱世称雄,77,长沙,,200000,600,361,317,200,20
乱世称雄,78,庐陵,,134500,600,259,171,100,20
乱世称雄,79,南海,孙仁,229500,600,408,174,100,20
乱世称雄,80,豫章,孙仁,70500,600,188,270,100,20
乱世称雄,81,区阿,,74760,600,244,0,255,20
乱世称雄,82,建业,孙仁,361000,600,612,479,400,20
乱世称雄,83,南昌,,76720,600,255,0,266,20
乱世称雄,84,鄱阳,孙仁,141500,600,287,246,100,20
乱世称雄,85,吴,孙仁,327000,600,539,299,300,20
乱世称雄,86,会稽,孙仁,287500,600,481,279,200,20
乱世称雄,87,松江,,73720,600,255,0,266,20
乱世称雄,88,江陵,,239500,600,445,364,200,20
乱世称雄,89,零陵,,175500,600,323,225,200,20
乱世称雄,90,桂林,,115400,600,115,114,130,20
乱世称雄,91,涪陵,,76780,600,258,0,268,20
乱世称雄,92,武陵,祝融夫人,193000,600,376,250,200,20
乱世称雄,93,交趾,祝融夫人,93000,600,198,160,100,20
乱世称雄,94,建宁,祝融夫人,197000,600,383,145,200,20
乱世称雄,95,云南,祝融夫人,161500,600,321,256,200,20
乱世称雄,96,夷州,,99000,600,193,101,100,20
乱世称雄,97,鹿耳门,,86890,600,285,0,290,20
乱世称雄,98,邪马台,卑弥呼,129000,600,2000,280,600,20
乱世称雄,99,阿苏,,72000,600,1000,195,300,20
乱世称雄,100,出云,,106500,600,1500,269,400,20
乱世称雄,101,佐贺,,84850,600,284,0,285,20
乱世称雄,102,阿久根,,86850,600,289,0,290,20
乱世称雄,103,下关,,83850,600,286,0,290,20
乱世称雄,104,保留,,,,,,,
乱世称雄,105,保留,,,,,,,
乱世称雄,106,保留,,,,,,,
乱世称雄,107,保留,,,,,,,
乱世称雄,108,保留,,,,,,,
乱世称雄,109,保留,,,,,,,
乱世称雄,110,保留,,,,,,,
乱世称雄,111,保留,,,,,,,
乱世称雄,112,保留,,,,,,,
乱世称雄,113,保留,,,,,,,
乱世称雄,114,保留,,,,,,,
乱世称雄,115,保留,,,,,,,
乱世称雄,116,保留,,,,,,,
乱世称雄,117,保留,,,,,,,
乱世称雄,118,保留,,,,,,,
乱世称雄,119,保留,,,,,,,
乱世称雄,120,保留,,,,,,,
乱世称雄,121,保留,,,,,,,
乱世称雄,122,保留,,,,,,,
乱世称雄,123,保留,,,,,,,
乱世称雄,124,保留,,,,,,,
乱世称雄,125,保留,,,,,,,
乱世称雄,126,保留,,,,,,,
乱世称雄,127,保留,,,,,,,
乱世称雄,128,保留,,,,,,,
乱世称雄,129,保留,,,,,,,
乱世称雄,130,保留,,,,,,,
乱世称雄,131,保留,,,,,,,
乱世称雄,132,保留,,,,,,,
乱世称雄,133,保留,,,,,,,
乱世称雄,134,保留,,,,,,,
乱世称雄,135,保留,,,,,,,
乱世称雄,136,保留,,,,,,,
乱世称雄,137,保留,,,,,,,
乱世称雄,138,保留,,,,,,,
乱世称雄,139,保留,,,,,,,
乱世称雄,140,保留,,,,,,,
乱世称雄,141,保留,,,,,,,
乱世称雄,142,保留,,,,,,,
乱世称雄,143,保留,,,,,,,
乱世称雄,144,保留,,,,,,,
乱世称雄,145,保留,,,,,,,
乱世称雄,146,保留,,,,,,,
乱世称雄,147,保留,,,,,,,
乱世称雄,148,保留,,,,,,,
乱世称雄,149,保留,,,,,,,
乱世称雄,150,保留,,,,,,,
乱世称雄,151,保留,,,,,,,
乱世称雄,152,保留,,,,,,,
乱世称雄,153,保留,,,,,,,
乱世称雄,154,保留,,,,,,,
乱世称雄,155,保留,,,,,,,
乱世称雄,156,保留,,,,,,,
乱世称雄,157,保留,,,,,,,
乱世称雄,158,保留,,,,,,,
乱世称雄,159,保留,,,,,,,
乱世称雄,160,保留,,,,,,,
乱世称雄,161,保留,,,,,,,
乱世称雄,162,保留,,,,,,,
乱世称雄,163,保留,,,,,,,
乱世称雄,164,保留,,,,,,,
乱世称雄,165,保留,,,,,,,
乱世称雄,166,保留,,,,,,,
乱世称雄,167,保留,,,,,,,
乱世称雄,168,保留,,,,,,,
乱世称雄,169,保留,,,,,,,
乱世称雄,170,保留,,,,,,,
乱世称雄,171,保留,,,,,,,
乱世称雄,172,保留,,,,,,,
乱世称雄,173,保留,,,,,,,
乱世称雄,174,保留,,,,,,,
乱世称雄,175,保留,,,,,,,
乱世称雄,176,保留,,,,,,,
乱世称雄,177,保留,,,,,,,
乱世称雄,178,保留,,,,,,,
乱世称雄,179,保留,,,,,,,
乱世称雄,180,保留,,,,,,,
乱世称雄,181,保留,,,,,,,
乱世称雄,182,保留,,,,,,,
乱世称雄,183,保留,,,,,,,
乱世称雄,184,保留,,,,,,,
乱世称雄,185,保留,,,,,,,
乱世称雄,186,保留,,,,,,,
乱世称雄,187,保留,,,,,,,
乱世称雄,188,保留,,,,,,,
乱世称雄,189,保留,,,,,,,
乱世称雄,190,保留,,,,,,,
乱世称雄,191,保留,,,,,,,
乱世称雄,192,保留,,,,,,,
乱世称雄,193,保留,,,,,,,
乱世称雄,194,保留,,,,,,,
乱世称雄,195,保留,,,,,,,
乱世称雄,196,保留,,,,,,,
乱世称雄,197,保留,,,,,,,
乱世称雄,198,保留,,,,,,,
乱世称雄,199,保留,,,,,,,
乱世称雄,200,保留,,,,,,,
乱世称雄,201,毒龙潭,,,,,,,
乱世称雄,202,猛虎穴,,,,,,,
乱世称雄,203,大雪山,,,,,,,
乱世称雄,204,火焰山,,,,,,,
乱世称雄,205,兽神洞,,,,,,,
乱世称雄,206,青龙塔,,,,,,,
乱世称雄,207,白虎塔,,,,,,,
乱世称雄,208,玄武塔,,,,,,,
乱世称雄,209,朱雀塔,,,,,,,
乱世称雄,210,麒麟塔,,,,,,,
乱世称雄,211,桃源仙乡,,,,,,,
乱世称雄,212,尸洞,,,,,,,
乱世称雄,213,九泉之渊,,,,,,,
