编号,名称,类型,官职等级,消耗功勋,需要武将等级,带将数,武力下限,智力下限,武力上限,智力上限,武力加成,智力加成,体力加成,技力加成,速度加成,附加阵形,可带兵种1,可带兵种2,武将技1,武将技2,武将技3,武将技4,武将技5,军师技1,军师技2,军师技3,军师技4,军师技5,限定武将,适用范围,隐藏,限定自创武将
1,侍郎,默认,1,,1,1,0,0,0,0,,,,,,,,,,,,,,,,,,,,通用,,
2,校尉,武官,1,,1,1,0,0,200,200,,,,,,,,,,,,,,,,,,,,通用,,
3,长史,文官,1,,1,1,0,0,200,200,,,,,,,,,,,,,,,,,,,,通用,,
4,黄门令,文官,2,65,4,1,0,0,80,200,,,,,,圆形之阵,,,赤焰,,,,,拒鹿角,,,,,,通用,,
5,虎烈将军,武官,2,65,4,1,0,0,200,200,,,,,,方形之阵,,,连弩,,,,,,,,,,,通用,,
6,虎威将军,武官,2,80,4,1,90,0,200,72,,,,,,方形之阵,,,赤焰,连弩,,,,地钉,,,,,,通用,,
7,议郎,文官,3,170,7,2,0,0,80,200,,,,,,圆形之阵,,,赤焰燃,,,,,拒鹿包围,,,,,,通用,,
8,昭义将军,文官,3,210,7,2,0,70,74,200,,,,,,箭矢之阵,短枪兵,,赤焰燃,地茅刺,,,,增我军速,减敌军速,拨云见日,,,,通用,,
9,昭武将军,文官,3,230,7,2,30,80,80,200,,,,,,天地之阵,弩兵,,突石,地泉,,,,地雷,埋伏班阵,天狗吞日,地钉,,,通用,,
10,伏波将军,武官,3,170,7,2,0,0,200,200,,,,,,方形之阵,,,火箭烈,,,,,,,,,,,通用,,
11,建武将军,武官,3,190,7,2,40,0,200,50,,,,,,方形之阵,,,连弩激射,,,,,,,,,,,通用,,
12,郎中,文官,4,330,10,2,0,0,80,200,,1,,,,箭矢之阵,轻步兵,,赤焰火海,命疗术,,,,探查拒鹿,万法自然,,,,,通用,,
13,太仓令,文官,4,350,10,2,0,50,0,0,,1,,2,,雁形之阵,轻步兵,,妖盾,太极门,,,,风云变色,霜雪覆地,,,,,通用,,
14,谏议大夫,文官,4,370,10,2,0,60,0,0,,2,,2,,翔鹰之阵,短弓兵,,五雷袭,车天术,驱豹,,,鹿角十重,探查拒鹿,万法自然,,,,通用,,
15,昭文将军,文官,4,390,10,2,0,70,74,200,,2,,3,,翔鹰之阵,女兵,,赤焰火海,伏兵班阵,地茅乱刺,,,探查援军,预留退路,万法自然,,,,通用,,
16,昭德将军,文官,4,410,10,2,30,80,80,200,,2,,4,,天地之阵,女兵,,突石剑,后伏班阵,地泉冲,,,地雷火,埋伏排阵,探查埋伏,铁地钉,,,通用,,
17,横江将军,武官,4,330,10,2,0,0,200,200,1,,,,,方形之阵,轻步兵,,火牛阵,滚石,,,,,,,,,,通用,,
18,横野将军,武官,4,340,10,2,40,0,200,50,1,,2,,,方形之阵,轻步兵,,连弩狂涛,火轮,,,,,,,,,,通用,,
19,裨将军,武官,4,380,10,2,60,0,200,200,2,,3,,,箭矢之阵,轻步兵,,赤焰,火牛群舞,火箭强袭,,,,,,,,,通用,,
20,虎翼将军,武官,4,440,10,2,90,0,200,72,2,,4,,,箭矢之阵,弩兵,,连弩激射,长枪突击,龙炮,,,铁地钉,,,,,,通用,,
21,博士,文官,5,550,13,3,0,0,80,200,,2,,,,雁形之阵,,,集火柱,妖盾,,,,鹿角十重,拨云见日,天狗吞日,,,,通用,,
22,太使大夫,文官,5,600,13,3,0,60,80,200,,2,,3,,圆形之阵,,,太极华阵,旋风,命疗术,,,鹿角截击,鹿角拦路,减敌军速,增我军速,,,通用,,
23,文远将军,文官,5,630,13,3,0,70,74,200,,2,,4,,天地之阵,轻步兵,,伏兵排阵,驱豹冲,体疗术,,,鹿角十重,杀气,,,,,通用,,
24,秉中将军,文官,5,640,13,3,30,80,80,200,,2,,5,,雁形之阵,轻步兵,,后伏排阵,地泉鲸浪,鬼面盾,,,地雷星火,埋伏连阵,钢地钉阵,,,,通用,,
25,侍御史,文官,5,750,13,3,40,90,0,0,1,2,2,5,,方形之阵,,,龙旋风,龙牙车,莲华,,,减敌将攻,增我将攻,解除封技,地雷阻敌,地雷伏击,,通用,,
26,折冲将军,武官,5,550,13,3,0,0,200,200,2,,,,,方形之阵,,,火轮冲,地泉,,,,,,,,,,通用,,
27,扬武将军,武官,5,580,13,3,40,0,200,50,2,,2,,,圆形之阵,,,火箭天袭,滚石剧压,火牛群舞,,,,,,,,,通用,,
28,偏将军,武官,5,640,13,3,60,0,200,200,2,,4,,,钩形之阵,弩兵,,炬石,火箭强袭,火牛烈崩,,,,,,,,,通用,,
29,鹰扬将军,武官,5,730,13,3,90,0,200,72,3,,4,,,钩形之阵,短弓兵,,噬血,炬石,连弩狂涛,铁骑突击,,钢地钉阵,,,,,,通用,,
30,羽林监,文官,6,840,16,3,0,0,80,200,,3,,,,圆形之阵,,,强火柱,鬼面盾,,,,风云变色,霜雪覆地,探查地雷,,,,通用,,
31,符节令,文官,6,870,16,3,0,50,0,0,,3,,4,,圆形之阵,,,龙旋风,罗刹之盾,活疗术,,,杀气,降敌士气,石墙阵地,,,,通用,,
32,太史令,文官,6,900,16,3,0,60,80,200,,3,,4,,锥形之阵,,,五雷轰顶,返天术,雷击,,,解除封技,鼓舞士气,拒马阵地,,,,通用,,
33,建文将军,文官,6,930,16,3,0,70,80,200,,3,,4,,钩形之阵,黄巾兵,,伏兵连阵,车天术,地茅遍地,,,探查地雷,气疗,探查地钉,,,,通用,,
34,建威将军,文官,6,1020,16,3,30,80,74,200,,3,,5,,天地之阵,短枪兵,,后伏连阵,突剑四方,驱豹突击,,,减敌军攻,增我军攻,杀气骤升,铁盾阵地,,,通用,,
35,治书执法,文官,6,1050,16,3,40,90,0,0,1,3,2,6,,锥形之阵,弩车,,水月斩,龙牙车队,莲华爆,,,前锋铁兽,无法退兵,援军班阵,后发先至,水镜之术,,通用,,
36,振武将军,武官,6,840,16,3,0,0,200,200,3,,,,,方形之阵,,,火轮涛杀,,,,,,,,,,,通用,,
37,振威将军,武官,6,870,16,3,40,0,200,60,3,,2,,,方形之阵,,,滚石怒冲,落日弓,,,,,,,,,,通用,,
38,扬威将军,武官,6,900,16,3,50,0,200,40,3,,3,,,圆形之阵,,,落月弓,火牛烈崩,,,,,,,,,,通用,,
39,威虏将军,武官,6,930,16,3,60,0,200,72,3,,4,,,锥形之阵,,,火箭天袭,长枪突击,御飞刀,,,暗箭伤人,,,,,,通用,,
40,平狄将军,武官,6,1020,16,3,90,0,200,200,3,,5,,,箭矢之阵,轻骑兵,,飞鬼戟,集火柱,炬石轰,,,地钉断路,,,,,,通用,,
41,中常侍,文官,7,1240,19,4,0,50,0,0,,3,,5,,圆形之阵,,,八卦二象阵,龙卷旋风,,,,暗箭伤人,杀气骤升,,,,,通用,,
42,黄门郎,文官,7,1280,19,4,0,60,80,200,,3,,5,,钩形之阵,,,狂雷天牢,活天术,雷击闪,,,前锋箭楼,增加经验,,,,,通用,,
43,安远将军,文官,7,1360,19,4,30,80,80,200,,4,,5,,天地之阵,,,浮雷,符兵,返天术,,,无法退兵,前锋铜人,杀气腾腾,,,,通用,,
44,散骑侍郎,文官,7,1480,19,4,40,90,0,0,2,4,3,6,,钩形之阵,轻骑兵,,月刃烈斩,龙牙车阵,莲华轰天,,,减敌军防,增我军防,援军排阵,铁兽杀阵,破阵大法,,通用,,
45,武卫将军,武官,7,1200,19,4,0,0,200,60,3,,1,,,圆形之阵,,,炬石,,,,,拨云见日,,,,,,通用,,
46,武威将军,武官,7,1240,19,4,40,0,200,40,3,,3,,,方形之阵,,,长枪突击,,,,,天狗吞日,,,,,,通用,,
47,牙门将军,武官,7,1280,19,4,50,0,200,200,4,,3,,,天地之阵,,,水月斩,,,,,风云变色,,,,,,通用,,
48,绥远将军,武官,7,1320,19,4,60,0,200,50,4,,4,,,雁形之阵,,,炬石轰,,,,,霜雪覆地,,,,,,通用,,
49,威远将军,武官,7,1360,19,4,70,0,200,200,4,,5,,,锥形之阵,,,迫击龙炮,,,,,无法退兵,,,,,,通用,,
50,平虏将军,武官,7,1400,19,4,90,0,200,36,4,,5,2,,箭矢之阵,,,土遁,炬石炼狱,,,,地钉迎敌,,,,,,通用,,
51,荡寇将军,武官,7,1440,19,4,90,45,200,72,4,1,5,2,,锥形之阵,轻骑兵,,冲射龙炮,强火柱,,,,探查地钉,,,,,,通用,,
52,御史中丞,文官,8,1750,22,5,0,60,80,200,,4,,5,,圆形之阵,女兵,,八卦四方阵,雷光燋狱,神鸢,龙牙车,,水镜之术,减敌军攻,,,,,通用,,
53,护军将军,文官,8,1850,22,5,30,80,80,200,,4,,6,,天地之阵,蛮兵,,浮雷阵,符兵引,活天术,龙牙车阵,,减缓集气,加速集气,减敌军防,,,,通用,,
54,镇军将军,武官,8,1650,22,5,0,0,200,200,4,,2,,,方形之阵,短枪兵,,炬石轰,铁骑突击,,,,,,,,,,通用,,
55,平北将军,武官,8,1750,22,5,60,0,200,80,4,,5,,,钩形之阵,短弓兵,,突石剑,落月弓,,,,拒鹿角,,,,,,通用,,
56,平西将军,武官,8,1800,22,5,70,0,200,40,4,,6,,,锥形之阵,弩兵,,神剑,落日弓,,,,地雷,,,,,,通用,,
57,平南将军,武官,8,1850,22,5,80,0,200,60,4,,6,,,雁形之阵,蛮兵,,月刃烈斩,御飞刀,,,,埋伏班阵,,,,,,通用,,
58,平东将军,武官,8,1900,22,5,80,45,200,200,4,,7,,,翔鹰之阵,忍者,,心剑,炬石炼狱,,,,援军班阵,,,,,,通用,,
59,征虏将军,武官,8,1950,22,5,90,0,200,36,4,,7,2,,锥形之阵,,,神剑,八卦二象阵,,,,预留退路,,,,,,通用,,
60,讨逆将军,武官,8,2000,22,5,90,45,200,72,4,2,7,4,,箭矢之阵,黄巾兵,,噬血刃,半月斩,土遁杀,,,解除封技,,,,,,通用,,
61,侍中,文官,9,2150,25,5,0,60,80,200,,4,,6,,圆形之阵,,,尸鬼,神鸢弹,,,,杀气腾腾,压制杀气,拆除箭楼,,,,通用,,
62,抚军将军,文官,9,2200,25,5,0,70,80,200,,4,,7,,锥形之阵,,,心剑,符兵连引,龙牙车队,,,拆除铜人,后发先至,地钉断路,,,,通用,,
63,安国将军,文官,9,2250,25,5,30,80,74,200,,5,,7,,天地之阵,,,活天术,落月弓,八卦六角阵,,,破阵大法,铜人杀阵,地钉迎敌,,,,通用,,
64,散骑常侍,文官,9,2350,25,5,40,90,0,0,3,5,4,7,,箭矢之阵,猛兽兵,,落日弓,水龙,剑轮舞,,,援军连阵,铁兽大阵,拆除铁兽,,,,通用,,
65,奋武将军,武官,9,2050,25,5,0,0,200,200,4,,4,,,箭矢之阵,,,炬石炼狱,天剑斩,,,,,,,,,,通用,,
66,安北将军,武官,9,2150,25,5,60,0,200,80,4,,6,,,钩形之阵,,,突剑四方,驱豹冲,,,,拒鹿包围,,,,,,通用,,
67,安西将军,武官,9,2200,25,5,70,0,200,40,4,,7,,,锥形之阵,,,神剑闪,半月斩,,,,地雷火,,,,,,通用,,
68,安南将军,武官,9,2250,25,5,80,0,200,60,5,,6,,,雁形之阵,,,神鸢,天剑斩,,,,埋伏排阵,,,,,,通用,,
69,安东将军,武官,9,2300,25,5,80,45,200,200,5,,7,,,钩形之阵,,,心剑齐发,剑轮舞,,,,援军排阵,,,,,,通用,,
70,破虏将军,武官,9,2350,25,5,90,0,200,72,5,2,7,4,,箭矢之阵,轻骑兵,,冲射龙炮,三圣华斩,神剑闪,,,破阵大法,,,,,,通用,,
71,尚书令,文官,10,2900,28,5,0,50,50,200,,5,,4,,圆形之阵,,,冲车,井阑立,,,,车春术,借尸还命,顺应天时,,,,通用,,
72,大司农,文官,10,3000,28,5,0,60,80,200,,5,,6,,天地之阵,,,炎墙,食尸鬼,神鸢空袭,,,气疗,顺应地利,箭楼杀阵,破阵大法,,,通用,,
73,辅国将军,文官,10,3200,28,5,30,80,80,200,,5,,8,,天地之阵,,,心剑齐发,罗刹之盾,御飞刀,,,发在意先,顺应人和,意发并进,铜人大阵,,,通用,,
74,奋威将军,武官,10,2800,28,5,0,0,200,200,4,,5,,,方形之阵,,,天剑开光,月轮烈光斩,,,,,,,,,,通用,,
75,镇北将军,武官,10,2950,28,5,60,0,200,80,4,,7,,,钩形之阵,浪人,,妖盾,地龙,,,,鹿角十重,降敌士气,,,,,通用,,
76,镇西将军,武官,10,3050,28,5,70,0,200,40,4,,8,,,锥形之阵,猛兽兵,,莲华,火龙,,,,地雷星火,减敌军攻,,,,,通用,,
77,镇南将军,武官,10,3150,28,5,80,0,200,60,5,,7,,,雁形之阵,匈奴兵,,神鸢弹,风龙,天剑开光,,,埋伏连阵,减敌军防,,,,,通用,,
78,镇东将军,武官,10,3250,28,5,80,45,200,200,5,,8,,,翔鹰之阵,轻骑兵,,噬血刃,水龙,剑轮斩,,,援军连阵,减缓集气,,,,,通用,,
79,龙骧将军,武官,10,3350,28,5,90,0,200,72,5,3,8,4,,箭矢之阵,弩车,,天剑神威,八卦四方阵,月轮烈光斩,龙牙车队,,加速集气,万法自然,,,,,通用,,
80,司空,文官,11,3900,31,5,0,50,80,200,,5,,5,,钩形之阵,,,炎墙烈烧,旋灯,食尸鬼阵,轒辒车,,借尸还魄,逆转天时,,,,,通用,,
81,大司马,文官,11,4000,31,5,0,60,50,200,,5,,7,,圆形之阵,,,驷冲车,旋灯,炎兽,井阑冲阵,,气疗诀,逆转地利,箭楼大阵,,,,通用,,
82,军师将军,文官,11,4400,31,5,40,90,80,200,3,6,5,8,1,雁形之阵,,,剑轮斩,八卦斩,水龙涛,飞鬼戟,,逆转人和,探查地钉,借尸还魄,气疗大法,意发皆止,,通用,,
83,征北将军,武官,11,3900,31,5,60,0,200,80,4,,8,,,钩形之阵,,,地龙震,鬼面盾,,,,探查拒鹿,鼓舞士气,,,,,通用,,
84,征西将军,武官,11,4000,31,5,70,0,200,40,5,,8,,,锥形之阵,,,火龙焰,莲华爆,,,,探查地雷,增我军攻,,,,,通用,,
85,征南将军,武官,11,4100,31,5,80,0,200,60,5,,8,,,雁形之阵,,,风龙旋,神鸢空袭,,,,探查埋伏,增我军防,,,,,通用,,
86,征东将军,武官,11,4200,31,5,80,45,200,200,5,,9,,,翔鹰之阵,,,水龙涛,冲车,冲射龙炮,,,探查援军,增加经验,,,,,通用,,
87,翊军将军,武官,11,4500,31,5,95,49,200,200,5,4,9,5,,雁形之阵,,,铁轮血斩阵,八卦六角阵,日月轮斩,噬血魔刃,,借尸还命,发在意先,,,,,通用,,
88,太傅,文官,12,5000,34,5,0,60,80,200,,6,,7,,雁形之阵,弩车,,旋灯火,炎兽杀阵,生死门,,,气疗大法,意发皆止,策反之计,,,,通用,,
89,太尉,文官,12,4300,34,5,40,90,80,200,4,6,7,8,1,天地之阵,尸兵,,八卦突斩,井阑冲阵,活疗术,参轒辒车,,魂归西天,诅咒,破阵大法,逆干坤,,,通用,,
90,右将军,武官,12,4800,34,5,60,0,200,40,5,,8,,,锥形之阵,轻骑兵,,八卦斩,罗刹之盾,,,,鹿角拦路,鹿角截击,,,,,通用,,
91,左将军,武官,12,4900,34,5,70,0,200,200,5,,8,,,翔鹰之阵,轻骑兵,,莲华轰天,驷冲车,,,,鼓舞士气,地雷星火,,,,,通用,,
92,后将军,武官,12,5000,34,5,80,0,200,80,5,,9,,,钩形之阵,轻骑兵,,剑轮斩,炎兽杀阵,符兵,,,增我将攻,稳定军心,,,,,通用,,
93,前将军,武官,12,5100,34,5,80,45,200,60,5,,9,,,雁形之阵,轻骑兵,,驷冲车,龙卷旋风,土遁隐杀,,,增我军攻,地钉迎敌,,,,,通用,,
94,司徒,文官,13,6200,37,5,0,60,80,200,,7,,7,,翔鹰之阵,,,旋灯怒张,地狱之门,驷轒辒车,,,军魂,破阵大法,逆干坤,封必杀技,,,通用,,
95,卫将军,文官,13,6900,37,5,40,90,80,200,4,7,7,9,1,翔鹰之阵,,,八卦阵斩,旋灯怒张,日月轮斩,,,封武将技,施技减半,封必杀技,,,,通用,,
96,骠骑将军,武官,13,6600,37,5,90,0,200,72,5,1,9,2,1,箭矢之阵,轻骑兵,,雷光燋狱,莲华轰天,神鸢空袭,天剑神威,,魂归西天,破阵大法,,,,,通用,,
97,车骑将军,武官,13,7100,37,5,95,49,200,200,6,2,9,2,1,翔鹰之阵,投石车,,莲华轰天,炎兽杀阵,符兵引,旋灯火,,借尸还魄,气疗大法,,,,,通用,,
98,丞相,文官,14,8100,40,5,40,90,80,200,5,8,8,10,1,雁形之阵,木人,投石车,八卦阵斩,三日月斩,天剑神威,,,车春仙术,通天之眼,蔽天之幕,前锋尽灭,,,通用,,
99,大将军,武官,14,8100,40,5,95,49,200,200,7,2,10,3,1,天地之阵,木人,尸兵,五岳华斩,三日月斩,分身斩,,,军魂,策反之计,,,,,通用,,
100,汉中王,称号,15,8200,40,5,,,,,12,12,20,30,1,,,,黄龙天翔,,,,,蔽天之幕,,,,,刘备,专属称号,是,
101,汉寿亭侯,称号,15,8200,40,5,,,,,17,,40,,1,,,,神鬼乱舞,,,,,通天之眼,,,,,关羽,专属称号,是,
102,西乡侯,称号,15,8200,40,5,,,,,17,,40,,1,,,,神鬼乱舞,,,,,通天之眼,,,,,张飞,专属称号,是,
103,魏王,称号,15,8200,40,5,,,,,12,12,20,30,1,,,,火龙怒焰,,,,,车春仙术,,,,,曹操,专属称号,是,
104,顺平侯,称号,15,8200,40,5,,,,,12,12,20,30,1,,,,风龙天旋,,,,,封武将技,,,,,赵云,专属称号,是,
105,卧龙左丞,称号,15,8200,40,5,,,,,5,12,30,30,,,,,井阑冲阵,浮雷光阵,,,,借尸还魂,,,,,诸葛亮,专属称号,是,
106,凤雏右丞,称号,15,8200,40,5,,,,,5,12,30,30,,,,,井阑冲阵,浮雷光阵,,,,借尸还魂,,,,,庞统,专属称号,是,
107,关内侯,称号,15,8200,40,5,,,,,17,,40,,1,,,,黄龙天翔,,,,,通天之眼,,,,,黄忠,专属称号,是,
108,飞将,称号,15,8200,40,5,,,,,17,,20,,2,,,,神鬼乱舞,,,,,诅咒,,,,,吕布,专属称号,是,
109,威侯,称号,15,8200,40,5,,,,,17,,40,,1,,,,大地狂啸,,,,,封武将技,,,,,马超,专属称号,是,
110,桓王,称号,15,8200,40,5,,,,,17,,40,,1,,,,八门金锁,,,,,车春仙术,,,,,孙策,专属称号,是,
111,吴王,称号,15,8200,40,5,,,,,12,12,20,30,1,,,,水龙狂涛,,,,,蔽天之幕,,,,,孙权,专属称号,是,
112,祸国太师,称号,15,8200,40,5,,,,,5,5,50,10,,,,,泰山压顶,,,,,诅咒,,,,,董卓,专属称号,是,
113,医圣,称号,15,8200,40,5,,,,,,12,40,30,,,,,大地狂啸,,,,,借尸还魂,,,,,华陀,专属称号,是,
114,陈王,称号,15,8200,40,5,,,,,5,12,30,30,,,,,八门金锁,,,,,借尸还魂,,,,,曹植,专属称号,是,
115,南蛮霸王,称号,15,8200,40,5,,,,,10,,50,,,,,,地龙极震,,,,,借尸还魂,,,,,孟获,专属称号,是,
116,火神娘娘,称号,15,8200,40,5,,,,,12,12,20,30,1,,,,火龙怒焰,,,,,前锋尽灭,,,,,祝融夫人,专属称号,是,
117,天公将军,称号,15,8200,40,5,,,,,12,12,20,30,1,,,,八门金锁,,,,,借尸还魂,,,,,张角,专属称号,是,
118,地公将军,称号,15,8200,40,5,,,,,12,12,20,30,1,,,,地龙极震,,,,,借尸还魂,,,,,张宝,专属称号,是,
119,人公将军,称号,15,8200,40,5,,,,,12,12,20,30,1,,,,泰山压顶,,,,,借尸还魂,,,,,张梁,专属称号,是,
120,大都督,称号,15,8200,40,5,,,,,12,12,20,30,1,,,,八门金锁,,,,,车春仙术,,,,,周瑜,专属称号,是,
121,东吴娘娘,称号,15,8200,40,5,,,,,12,12,20,30,1,,,,神剑闪华,,,,,借尸还魂,,,,,大乔,专属称号,是,
122,东吴郡主,称号,15,8200,40,5,,,,,12,12,20,30,1,,,,井阑冲阵,浮雷光阵,,,,车春仙术,,,,,小乔,专属称号,是,
123,东吴公主,称号,15,8200,40,5,,,,,12,12,20,30,1,,,,神鬼乱舞,,,,,封武将技,,,,,孙仁,专属称号,是,
124,卧龙夫人,称号,15,8200,40,5,,,,,5,12,30,30,,,,,大地狂啸,,,,,借尸还魂,,,,,黄月英,专属称号,是,
125,绝代佳人,称号,15,8200,40,5,,,,,,12,40,30,,,,,风龙天旋,,,,,封必杀技,,,,,貂蝉,专属称号,是,
126,牟乡侯,称号,15,8200,40,5,,,,,17,,40,,1,,,,大地狂啸,,,,,封武将技,,,,,许褚,专属称号,是,
127,南郑侯,称号,15,8200,40,5,,,,,17,,40,,1,,,,神剑闪华,,,,,诅咒,,,,,魏延,专属称号,是,
128,锦帆大将,称号,15,8200,40,5,,,,,17,,40,,1,,,,火龙怒焰,,,,,前锋尽灭,,,,,甘宁,专属称号,是,
129,江陵侯,称号,15,8200,40,5,,,,,12,12,20,30,1,,,,神剑闪华,,,,,封必杀技,,,,,陆逊,专属称号,是,
130,高安乡侯,称号,15,8200,40,5,,,,,17,,40,,1,,,,神鬼乱舞,,,,,诅咒,,,,,夏侯惇,专属称号,是,
131,愍侯,称号,15,8200,40,5,,,,,17,,40,,1,,,,水龙狂涛,,,,,前锋尽灭,,,,,夏侯渊,专属称号,是,
132,阳平侯,称号,15,8200,40,5,,,,,17,,40,,1,,,,泰山压顶,,,,,封武将技,,,,,徐晃,专属称号,是,
133,晋阳侯,称号,15,8200,40,5,,,,,17,,40,,1,,,,神鬼乱舞,,,,,诅咒,,,,,张辽,专属称号,是,
134,鄚侯,称号,15,8200,40,5,,,,,17,,40,,1,,,,大地狂啸,,,,,前锋尽灭,,,,,张郃,专属称号,是,
135,孱陵侯,称号,15,8200,40,5,,,,,12,12,20,30,1,,,,风龙天旋,,,,,封武将技,,,,,吕蒙,专属称号,是,
136,敬侯,称号,15,8200,40,5,,,,,5,12,30,30,,,,,井阑冲阵,浮雷光阵,,,,封必杀技,,,,,荀彧,专属称号,是,
137,忠侯,称号,15,8200,40,5,,,,,17,,40,,1,,,,地龙极震,,,,,封必杀技,,,,,典韦,专属称号,是,
138,孝侯,称号,15,8200,40,5,,,,,17,,40,,1,,,,神鬼乱舞,,,,,封武将技,,,,,太史慈,专属称号,是,
139,邪马台女王,称号,15,8200,40,5,,,,,12,12,20,30,1,,,,水龙狂涛,,,,,封必杀技,,,,,卑弥呼,专属称号,是,
140,蜀汉昭烈帝,称号,16,35000,50,5,,,,,15,15,40,40,1,,,,麒麟降世,,,,,文成武德,,,,,刘备,专属称号,是,
141,忠义武圣,称号,16,35000,50,5,,,,,18,5,50,10,1,,,,青龙飞升,,,,,文成武德,,,,,关羽,专属称号,是,
142,武曲天将,称号,16,35000,50,5,,,,,18,5,50,10,1,,,,玄武怒流,,,,,大魔界,,,,,张飞,专属称号,是,
143,魏武帝,称号,16,35000,50,5,,,,,15,15,40,40,1,,,,朱雀焚天,,,,,大魔界,,,,,曹操,专属称号,是,
144,白虎天将,称号,16,35000,50,5,,,,,15,15,40,40,1,,,,白虎傲啸,,,,,大天圣,,,,,赵云,专属称号,是,
145,武尊神侯,称号,16,35000,50,5,,,,,5,20,30,60,,,,,麒麟降世,,,,,文成武德,,,,,诸葛亮,专属称号,是,
146,射日天将,称号,16,35000,50,5,,,,,18,5,50,10,1,,,,朱雀焚天,,,,,大天圣,,,,,黄忠,专属称号,是,
147,贪狼天将,称号,16,35000,50,5,,,,,18,,50,,2,,,,白虎傲啸,,,,,大魔界,,,,,吕布,专属称号,是,
148,破军天将,称号,16,35000,50,5,,,,,18,5,50,10,1,,,,青龙飞升,,,,,大天圣,,,,,马超,专属称号,是,
149,小霸王,称号,16,35000,50,5,,,,,18,5,50,10,1,,,,朱雀焚天,,,,,大魔界,,,,,孙策,专属称号,是,
150,东吴大帝,称号,16,35000,50,5,,,,,15,15,40,40,1,,,,玄武怒流,,,,,文成武德,,,,,孙权,专属称号,是,
151,大贤良师,称号,16,35000,50,5,,,200,200,15,15,40,40,1,,,,白虎傲啸,,,,,大魔界,,,,,张角,专属称号,是,
152,钦犯,称号,1,,6,2,0,0,200,200,0,0,0,0,0,,,,,,,,,,,,,,,专属称号,是,
153,乱党,称号,1,,11,3,0,0,200,200,0,0,0,0,0,,,,,,,,,,,,,,,专属称号,是,
154,魔头,称号,1,,16,4,0,0,200,200,0,0,0,0,0,,,,,,,,,,,,,,,专属称号,是,
155,大魔头,称号,1,,21,5,0,0,200,200,0,0,0,0,0,,,,,,,,,,,,,,,专属称号,是,
156,乡士,称号,1,,1,1,0,0,200,200,,,,,,,,,,,,,,,,,,,,日本系,,
157,藩士,称号,2,130,4,1,0,0,200,200,,,,,,方形之阵,,,铁轮斩,,,,,地钉,,,,,,日本系,,
158,国士,称号,3,240,7,2,0,0,200,200,,,,,,钩形之阵,,,铁轮血斩,赤焰燃,,,,铁地钉,,,,,,日本系,,
159,参议,称号,4,500,10,2,0,0,200,200,1,1,2,1,,雁形之阵,忍者,,铁轮血斩阵,连弩激射,,,,探查地钉,钢地钉阵,,,,,日本系,,
160,中纳言,称号,5,1020,13,3,0,0,200,200,2,1,2,2,,天地之阵,浪人,,土遁,忍镖,龙牙车,,,地钉迎敌,破阵大法,铁盾阵地,,,,日本系,,
161,大纳言,称号,6,1400,16,3,0,0,200,200,2,2,3,2,,锥形之阵,短弓兵,,火雷玉,隐分身,龙牙车队,,,前锋箭楼,地钉断路,稳定军心,,,,日本系,,
162,内大臣,称号,7,2100,19,3,0,0,200,200,2,2,4,3,,,,,土遁杀,隐忍镖,火雷鬼玉,木隐分身,风龙,水镜之术,封必杀技,拆除铜人,,,,日本系,,
163,太政大臣,称号,8,3800,22,4,0,0,200,200,3,2,4,4,,翔鹰之阵,,,土遁隐杀,隐忍镖阵,风龙旋,,,压制杀气,意发皆止,杀气腾腾,箭楼杀阵,,,日本系,,
164,关白摄政,称号,9,5000,25,5,0,0,200,200,4,3,9,5,,,,,火雷鬼玉破,木忍隐分身,风龙天旋,,,意发并进,顺应人和,逆转人和,压制杀气,策反之计,,日本系,,
165,贵族,称号,1,,1,1,0,0,200,200,,,,,,,,,,,,,,,,,,,,匈奴系,,
166,族长,称号,2,130,4,1,0,0,200,200,,,,,,箭矢之阵,,,龙炮,火牛阵,,,,地雷,,,,,,匈奴系,,
167,骨都侯,称号,3,240,7,2,0,0,200,200,,,,,,天地之阵,,,火牛群舞,迫击龙炮,,,,地雷火,,,,,,匈奴系,,
168,大当户,称号,4,500,10,2,0,0,200,200,2,,,,,锥形之阵,短枪兵,,长枪突击,冲射龙炮,火牛烈崩,,,探查地雷,地雷星火,,,,,匈奴系,,
169,大都尉,称号,5,1020,13,3,0,0,200,200,3,,,,,雁形之阵,匈奴兵,,铁骑突击,炬石,,,,地雷阻敌,破阵大法,拒马阵地,,,,匈奴系,,
170,谷蠡王,称号,6,1400,16,3,0,0,200,200,4,,,,,翔鹰之阵,弩兵,,尸鬼,炬石轰,天剑斩,,,地雷伏击,借尸还命,杀气,前锋铜人,,,匈奴系,,
171,南院大王,称号,7,2100,19,3,0,0,200,200,5,,,,,,,,食尸鬼,炬石炼狱,天剑开光,火龙,,封武将技,杀气骤升,拆除箭楼,,,,匈奴系,,
172,北院大王,称号,8,3800,22,4,0,0,200,200,5,,,,1,钩形之阵,,,食尸鬼阵,剑轮舞,天剑神威,火龙焰,,魂归西天,杀气腾腾,借尸还魄,铜人杀阵,,,匈奴系,,
173,单于,称号,9,5000,25,5,0,0,200,200,6,,,,1,,,,剑轮斩,火龙怒焰,活疗术,,,借尸还魂,顺应天时,逆转天时,策反之计,,,匈奴系,,
174,战士,称号,1,,1,1,0,0,200,200,,,,,,,,,,,,,,,,,,,,南蛮系,,
175,勇士,称号,2,130,4,1,0,0,200,200,,,,,,圆形之阵,,,突石,驱豹,,,,拒鹿角,,,,,,南蛮系,,
176,头目,称号,3,240,7,2,0,0,200,200,,,,,,锥形之阵,,,驱豹冲,突石剑,,,,拒鹿包围,,,,,,南蛮系,,
177,酋长,称号,4,500,10,2,0,0,200,200,1,,6,,,雁形之阵,蛮兵,,御飞刀,突剑四方,驱豹突击,,,探查拒鹿,鹿角十重,,,,,南蛮系,,
178,三洞主,称号,5,1020,13,3,0,0,200,200,2,,8,,,天地之阵,猛兽兵,,飞鬼戟,火箭烈,,,,鹿角拦路,破阵大法,石墙阵地,,,,南蛮系,,
179,二洞主,称号,6,1400,16,3,0,0,200,200,3,,10,,,钩形之阵,短弓兵,,妖盾,火箭强袭,噬血,,,万法自然,鹿角截击,前锋铁兽,,,,南蛮系,,
180,大洞主,称号,7,2100,19,3,0,0,200,200,4,,14,,,,,,鬼面盾,火箭天袭,噬血刃,地龙,,加速集气,暗箭伤人,拆除铁兽,,,,南蛮系,,
181,国主,称号,8,3800,22,4,0,0,200,200,5,,18,,,翔鹰之阵,,,罗刹之盾,心剑,噬血魔刃,地龙震,,意发并进,预留退路,解除封技,铁兽杀阵,,,南蛮系,,
182,蛮王,称号,9,5000,25,5,0,0,200,200,6,,25,,,,,,心剑齐发,地龙极震,活疗术,,,车春术,顺应地利,逆转地利,策反之计,,,南蛮系,,
183,傲世武尊,称号,15,8200,40,5,0,0,,,12,12,20,30,1,,木人,投石车,神鬼乱舞,神剑闪华,黄龙天翔,,,封必杀技,蔽天之幕,,,,,专属称号,是,是
184,玄法天师,称号,15,8200,40,5,0,0,,,,15,35,35,,,木人,尸兵,浮雷光阵,八门金锁,,,,通天之眼,车春仙术,封武将技,,,,专属称号,是,是
185,神威大将,称号,15,8200,40,5,0,0,,,19,,35,,1,,木人,尸兵,泰山压顶,大地狂啸,井阑冲阵,,,诅咒,借尸还魂,,,,,专属称号,是,是
186,群龙真主,称号,16,35000,50,5,0,0,,,10,10,50,50,1,,,,地龙极震,火龙怒焰,水龙狂涛,风龙天旋,黄龙天翔,文成武德,,,,,,专属称号,是,是
187,盖世霸王,称号,16,35000,50,5,0,0,,,15,15,40,40,1,,,,玄武怒流,朱雀焚天,青龙飞升,,,大魔界,,,,,,专属称号,是,是
188,五岳战神,称号,16,35000,50,5,0,0,,,25,,50,5,1,,,,白虎傲啸,麒麟降世,,,,大天圣,,,,,,专属称号,是,是
