编号,姓名,姓名(繁),性别,武力,智力,体力,技力,忠诚,士气,性格,初始武器,兵种1,兵种2,初始官职,初始阵型,剑熟练度,扇熟练度,大刀熟练度,枪熟练度,弓熟练度,君主,亲族,配偶,种族,可复活,特殊单位,特殊类型,是否启用,备注
01,丁奉,丁奉,男,82,68,86,44,61,75,117,铜长刀,短枪兵,弩车,校尉,方形之阵,,,,,,,,,中原,,,,是,
02,丁原,丁原,男,74,54,84,43,80,80,46,短锥枪,蛮兵,蛮兵,校尉,方形之阵,,,,,,,,,中原,,,,是,
03,丁斐,丁斐,男,42,75,73,45,57,70,24,朴刀,短枪兵,短枪兵,长史,方形之阵,,,,,,曹操,,,中原,,,,是,
04,丁枫,丁楓,女,45,75,75,45,80,75,46,短弓,女兵,女兵,长史,方形之阵,,,,,20,,丁原,,中原,,,,是,
05,丁瑶,丁瑤,女,70,52,80,45,30,75,25,直剑,女兵,女兵,校尉,方形之阵,20,,,,,,,曹操,中原,,,,是,
06,丁仪,丁儀,男,72,39,81,29,48,80,30,短锥枪,轻步兵,轻步兵,校尉,方形之阵,,,,,,曹操,,,中原,,,,是,
07,刁玄,刁玄,男,35,60,70,40,20,75,1,直剑,短弓兵,短弓兵,长史,方形之阵,,,,,,,,,中原,,,,是,
08,于禁,于禁,男,79,71,86,46,42,80,25,朴刀,弩兵,弩兵,侍郎,方形之阵,,,,,,,,,中原,,,,是,
09,于诠,于詮,男,31,75,71,47,50,75,125,直剑,弩兵,弩兵,长史,方形之阵,,,,,,孙权,,,中原,,,,是,
10,士孙瑞,士孫瑞,男,51,76,76,47,75,70,45,朴刀,轻步兵,轻步兵,长史,方形之阵,,,,,,王允,,,中原,,,,是,
11,士异,士異,女,50,71,76,46,90,80,50,铜长刀,女兵,轻步兵,侍郎,方形之阵,,,20,,,,,赵昂,中原,,,,是,
12,士壹,士壹,男,69,54,81,37,46,80,57,短锥枪,蛮兵,蛮兵,侍郎,方形之阵,,,,,,,,,中原,,,,是,
13,士碧,士碧,男,42,75,78,48,90,80,50,直剑,女兵,蛮兵,侍郎,方形之阵,20,,,,,,士燮,,中原,,,,是,
14,士徽,士徽,男,70,47,82,43,85,80,58,短弓,轻步兵,猛兽兵,校尉,方形之阵,,,,,,,士燮,,中原,,,,是,
15,士燮,士燮,男,72,43,84,40,90,80,53,直剑,轻步兵,蛮兵,校尉,圆形之阵,20,,,,,,,,中原,,,,是,
16,大乔,大喬,女,70,80,79,47,78,75,125,短锥枪,女兵,弩兵,侍郎,箭矢之阵,20,20,20,30,20,,,孙策,中原,是,,,是,
17,小乔,小喬,女,82,82,84,48,76,80,125,朴刀,女兵,短弓兵,侍郎,钩形之阵,30,20,20,20,20,,,周瑜,中原,是,,,是,
18,山涛,山濤,男,35,88,75,50,90,70,125,直剑,短弓兵,短弓兵,长史,方形之阵,,,,,,,,,中原,,,,是,
19,公孙度,公孫度,男,76,44,85,40,25,80,10,铜长刀,轻步兵,轻步兵,校尉,方形之阵,,,,,,,,,中原,,,,是,
20,公孙恭,公孫恭,男,40,78,77,47,33,75,15,短锥枪,轻步兵,轻步兵,长史,方形之阵,,,,,,,公孙度,,中原,,,,是,
21,公孙康,公孫康,男,68,48,83,42,50,75,10,直剑,短枪兵,短枪兵,校尉,方形之阵,,,,,,,公孙度,,中原,,,,是,
22,公孙渊,公孫淵,男,82,61,87,44,35,80,10,短锥枪,短弓兵,短弓兵,侍郎,箭矢之阵,,,,,,,,,中原,,,,是,
23,公孙婷,公孫婷,女,58,77,81,45,70,80,69,短弓,女兵,短枪兵,侍郎,圆形之阵,,,,,20,,公孙瓒,,中原,,,,是,
24,公孙越,公孫越,男,56,46,80,41,56,75,60,直剑,短枪兵,短枪兵,侍郎,方形之阵,,,,,,袁术,,,中原,,,,是,
25,公孙范,公孫範,男,79,30,86,38,30,75,23,短锥枪,黄巾兵,黄巾兵,校尉,方形之阵,,,,,,,,,中原,,,,是,
26,公孙续,公孫續,男,51,55,76,41,30,75,35,朴刀,黄巾兵,黄巾兵,侍郎,方形之阵,,,,,,,,,中原,,,,是,
27,公孙瓒,公孫瓚,男,86,67,88,45,82,80,60,直剑,短枪兵,短枪兵,侍郎,方形之阵,,,,,,,,,中原,,,,是,
28,卞喜,卞喜,男,73,36,84,39,42,80,24,短锥枪,黄巾兵,黄巾兵,校尉,方形之阵,,,,,,曹操,,,中原,,,,是,
29,天香,天香,女,57,90,81,37,58,80,64,铜长刀,女兵,轻骑兵,侍郎,圆形之阵,20,20,30,20,20,,,甘宁,中原,,,,是,
30,太史享,太史享,男,51,55,76,41,30,75,35,直剑,弩兵,弩兵,侍郎,方形之阵,,,,,,孙权,,,中原,,,,是,
31,太史昭容,太史昭容,女,90,71,85,46,88,85,120,铜长刀,女兵,轻骑兵,侍郎,圆形之阵,20,20,30,20,20,,太史慈,,中原,,,,是,
32,太史慈,太史慈,男,97,69,89,45,88,85,121,短锥枪,轻骑兵,轻骑兵,校尉,钩形之阵,20,20,20,30,20,孙权,,,中原,是,,,是,
33,孔月,孔月,女,45,80,79,47,50,70,40,直剑,女兵,短弓兵,长史,圆形之阵,20,,,,,,孔岫,,中原,,,,是,
34,孔秀,孔秀,男,67,45,79,40,39,70,27,朴刀,轻步兵,轻步兵,侍郎,方形之阵,,,,,,,,,中原,,,,是,
35,孔岫,孔岫,男,42,81,78,47,42,70,39,短锥枪,弩兵,弩兵,长史,方形之阵,,,,,,,,,中原,,,,是,
36,孔羡,孔羨,男,35,77,72,47,40,70,30,铜长刀,短弓兵,短弓兵,长史,方形之阵,,,,,,曹丕,,,中原,,,,是,
37,孔融,孔融,男,37,89,75,47,72,75,41,短锥枪,轻步兵,轻步兵,长史,方形之阵,,,,,,,,,中原,,,,是,
38,文媛,文媛,女,60,69,84,46,60,80,45,直剑,女兵,轻步兵,侍郎,箭矢之阵,20,,,,,,文钦,,中原,,,,是,
39,文钦,文欽,男,83,48,87,41,60,80,41,短锥枪,短弓兵,轻步兵,校尉,方形之阵,,,,,,,,,中原,,,,是,
40,文聘,文聘,男,82,46,86,40,62,80,40,铜长刀,短枪兵,短枪兵,校尉,方形之阵,,,,,,,,,中原,,,,是,
41,文蕊,文蕊,女,88,40,83,40,86,85,105,铜长刀,女兵,匈奴兵,侍郎,圆形之阵,20,20,30,20,20,,文丑,,中原,,,,是,
42,文鸯,文鴦,男,90,42,87,40,63,75,41,短锥枪,轻步兵,轻步兵,校尉,方形之阵,,,,,,,文钦,,中原,,,,是,
43,文丑,文醜,男,95,27,88,38,86,85,100,铜长刀,匈奴兵,匈奴兵,校尉,箭矢之阵,20,20,30,20,20,袁绍,,,中原,是,,,是,
44,方悦,方悅,男,75,31,80,43,41,75,42,短锥枪,轻步兵,轻步兵,校尉,方形之阵,,,,,,,,,中原,,,,是,
45,毋丘俭,毋丘儉,男,76,75,84,45,36,85,39,朴刀,短弓兵,短弓兵,侍郎,方形之阵,,,,,,,,,中原,,,,是,
46,毛玠,毛玠,男,64,58,83,44,29,75,29,直剑,短弓兵,短弓兵,侍郎,方形之阵,,,,,,曹操,,,中原,,,,是,
47,牛金,牛金,男,78,46,84,41,54,80,29,短锥枪,猛兽兵,猛兽兵,校尉,方形之阵,,,,,,曹操,,,中原,,,,是,
48,牛辅,牛輔,男,73,31,79,43,30,75,25,铜长刀,轻步兵,轻步兵,校尉,方形之阵,,,,,,董卓,,,中原,,,,是,
49,王子服,王子服,男,65,66,82,44,30,85,93,直剑,轻步兵,轻步兵,侍郎,方形之阵,,,,,,,,,中原,,,,是,
50,王元姬,王元姬,女,60,88,80,45,55,75,31,短弓,女兵,短枪兵,侍郎,钩形之阵,,,,,20,,,司马昭,中原,,,,是,
51,王允,王允,男,36,72,76,45,58,70,45,朴刀,短弓兵,短弓兵,长史,方形之阵,,,,,,,,,中原,,,,是,
52,王方,王方,男,71,30,79,43,58,80,2,铜长刀,短枪兵,短枪兵,校尉,方形之阵,,,,,,董卓,,,中原,,,,是,
53,王平,王平,男,77,73,84,46,24,70,69,朴刀,短弓兵,短弓兵,侍郎,方形之阵,,,,,,曹操,,,中原,,,,是,
54,王伉,王伉,男,61,77,78,44,41,70,73,直剑,轻步兵,轻步兵,侍郎,方形之阵,,,,,,刘备,,,中原,,,,是,
55,王匡,王匡,男,60,68,78,44,30,70,3,朴刀,轻步兵,轻步兵,侍郎,方形之阵,,,,,,,,,中原,,,,是,
56,王戎,王戎,男,35,77,76,48,90,70,95,短锥枪,轻步兵,轻步兵,长史,方形之阵,,,,,,,,,中原,,,,是,
57,王甫,王甫,男,48,63,78,44,32,70,73,直剑,猛兽兵,猛兽兵,长史,方形之阵,,,,,,刘备,,,中原,,,,是,
58,王忠,王忠,男,75,30,82,42,40,70,24,铜长刀,轻步兵,轻步兵,校尉,方形之阵,,,,,,曹操,,,中原,,,,是,
59,王服,王服,男,67,35,80,43,60,80,70,短锥枪,轻步兵,轻步兵,校尉,方形之阵,,,,,,,,,中原,,,,是,
60,王威,王威,男,68,45,80,43,42,75,45,直剑,短枪兵,短枪兵,侍郎,方形之阵,,,,,,,,,中原,,,,是,
61,王若华,王若華,女,40,67,73,47,55,70,50,短锥枪,女兵,短枪兵,侍郎,圆形之阵,,,,20,,,王允,,中原,,,,是,
62,王昶,王昶,男,62,38,78,40,40,70,42,直剑,轻步兵,轻步兵,校尉,方形之阵,,,,,,,,,中原,,,,是,
63,王修,王修,男,51,54,79,42,45,70,29,铜长刀,轻步兵,轻步兵,侍郎,方形之阵,,,,,,,,,中原,,,,是,
64,王朗,王朗,男,52,68,79,46,47,80,32,朴刀,轻步兵,轻步兵,侍郎,方形之阵,,,,,,,,,中原,,,,是,
65,王烈,王烈,男,38,80,76,46,75,75,65,直剑,短弓兵,短弓兵,长史,方形之阵,,,,,,公孙度,,,中原,,,,是,
66,王真,王真,男,68,34,84,39,42,80,28,短锥枪,轻步兵,轻步兵,校尉,方形之阵,,,,,,,,,中原,,,,是,
67,王晟,王晟,男,77,41,85,42,37,75,42,铜长刀,黄巾兵,黄巾兵,校尉,方形之阵,,,,,,,,,中原,,,,是,
68,王基,王基,男,76,68,85,45,31,75,30,朴刀,轻步兵,轻步兵,侍郎,方形之阵,,,,,,,,,中原,,,,是,
69,王祥,王祥,男,30,81,75,46,70,75,80,短锥枪,弩兵,弩兵,长史,方形之阵,,,,,,,,,中原,,,,是,
70,王累,王累,男,33,83,76,47,26,85,55,铜长刀,轻步兵,轻步兵,长史,方形之阵,,,,,,,,,中原,,,,是,
71,王植,王植,男,45,74,73,41,59,75,27,朴刀,短弓兵,短弓兵,长史,方形之阵,,,,,,曹操,,,中原,,,,是,
72,王浑,王渾,男,66,58,83,42,32,85,40,直剑,短枪兵,短枪兵,侍郎,方形之阵,,,,,,,,,中原,,,,是,
73,王筠,王筠,女,82,32,86,40,65,75,36,短锥枪,女兵,短枪兵,侍郎,箭矢之阵,,,,20,,,王双,,中原,,,,是,
74,王经,王經,男,64,52,81,40,75,80,60,直剑,轻步兵,轻步兵,侍郎,方形之阵,,,,,,,,,中原,,,,是,
75,王粲,王粲,男,23,86,73,47,35,85,30,直剑,轻步兵,轻步兵,长史,方形之阵,,,,,,,,,中原,,,,是,
76,王颀,王頎,男,64,47,82,42,27,80,21,短锥枪,蛮兵,蛮兵,校尉,方形之阵,,,,,,,,,中原,,,,是,
77,王浚,王濬,男,82,80,85,46,35,75,31,铜长刀,猛兽兵,猛兽兵,侍郎,方形之阵,,,,,,,,,中原,,,,是,
78,王双,王雙,男,84,28,87,38,55,70,26,铜长刀,轻步兵,轻步兵,校尉,方形之阵,20,20,30,20,20,曹丕,,,中原,,,,是,
79,王览,王覽,男,35,79,75,46,70,75,80,直剑,短弓兵,短弓兵,长史,方形之阵,,,,,,,,,中原,,,,是,
80,令狐卲,令狐卲,男,42,57,74,41,50,75,50,朴刀,轻步兵,轻步兵,长史,方形之阵,,,,,,,,,中原,,,,是,
81,令狐愚,令狐愚,男,38,74,77,41,45,70,35,朴刀,轻步兵,轻步兵,长史,方形之阵,,,,,,,,,中原,,,,是,
82,司马孚,司馬孚,男,31,72,75,46,30,75,31,朴刀,弩兵,弩兵,长史,方形之阵,,,,,,,,,中原,,,,是,
83,司马炎,司馬炎,男,83,71,86,45,69,85,31,短锥枪,短弓兵,短弓兵,侍郎,方形之阵,,,,20,,,司马懿,,中原,,,,是,
84,司马昭,司馬昭,男,66,87,83,48,67,75,31,直剑,弩兵,弩兵,侍郎,方形之阵,20,,,,,,司马懿,,中原,,,,是,
85,司马师,司馬師,男,64,93,82,48,68,85,31,朴刀,短枪兵,短枪兵,长史,方形之阵,20,,,,,,司马懿,,中原,,,,是,
86,司马朗,司馬朗,男,32,57,74,41,32,75,40,短锥枪,轻步兵,轻步兵,长史,方形之阵,,,,,,曹操,,,中原,,,,是,
87,司马衷,司馬衷,男,80,65,82,44,55,85,31,铜长刀,轻步兵,轻步兵,侍郎,方形之阵,,,20,,,,司马炎,,中原,,,,是,
88,司马望,司馬望,男,54,33,79,39,25,75,20,直剑,轻步兵,轻步兵,校尉,方形之阵,,,,,,,,,中原,,,,是,
89,司马铃,司馬鈴,女,75,90,81,49,65,90,35,朴刀,女兵,弩兵,侍郎,方形之阵,20,,,,,,司马懿,,中原,,,,是,
90,司马玮,司馬瑋,女,44,87,73,45,63,75,32,朴刀,女兵,轻步兵,侍郎,方形之阵,20,,,,,,司马懿,,中原,,,,是,
91,司马徽,司馬徽,男,26,95,73,49,39,85,76,短弓,尸兵,尸兵,长史,方形之阵,10,30,10,10,30,,,,中原,,,,是,
92,司马懿,司馬懿,男,78,99,82,51,64,90,31,短弓,弩车,弩车,侍郎,圆形之阵,20,20,20,20,30,曹操,,,中原,是,,,是,
93,左慈,左慈,男,23,98,73,50,84,85,85,短弓,猛兽兵,猛兽兵,长史,方形之阵,10,30,10,10,30,,,,中原,,,,是,
94,甘若男,甘若男,女,92,67,89,45,85,80,125,短弓,女兵,轻步兵,侍郎,圆形之阵,20,20,20,20,30,,甘宁,,中原,,,,是,
95,甘倩,甘倩,女,68,75,82,41,87,75,75,短弓,女兵,短弓兵,侍郎,箭矢之阵,20,20,20,20,30,,,刘备,中原,,,,是,
96,甘宁,甘寧,男,96,65,89,44,85,80,124,短锥枪,轻骑兵,轻骑兵,校尉,箭矢之阵,20,20,20,30,20,,,天香,中原,是,,,是,
97,田欣,田欣,女,44,92,77,48,85,80,99,短弓,女兵,尸兵,侍郎,圆形之阵,10,20,10,10,20,,田丰,,中原,,,,是,
98,田楷,田楷,男,75,65,85,45,75,75,85,直剑,轻步兵,轻步兵,侍郎,方形之阵,,,,,,,,,中原,,,,是,
99,田豫,田豫,男,46,41,77,40,30,70,0,直剑,轻步兵,轻步兵,侍郎,方形之阵,,,,,,,,,中原,,,,是,
100,田丰,田豐,男,48,95,78,49,83,75,96,直剑,轻步兵,轻步兵,长史,箭矢之阵,30,30,10,10,10,袁绍,,,中原,,,,是,
101,田畴,田疇,男,74,53,85,42,36,85,93,短锥枪,短枪兵,短枪兵,校尉,方形之阵,,,,,,,,,中原,,,,是,
102,田续,田續,男,68,41,82,40,40,35,46,朴刀,轻步兵,轻步兵,校尉,方形之阵,,,,,,,,,中原,,,,是,
103,申耽,申耽,男,70,57,83,42,21,75,37,直剑,猛兽兵,猛兽兵,校尉,方形之阵,,,,,,,,,中原,,,,是,
104,申仪,申儀,男,65,62,80,45,21,75,37,铜长刀,短弓兵,短弓兵,侍郎,方形之阵,,,,,,,,,中原,,,,是,
105,石苞,石苞,男,31,70,75,45,50,75,40,短锥枪,弩兵,弩兵,长史,方形之阵,,,,,,司马昭,,,中原,,,,是,
106,石崇,石崇,男,35,72,76,45,60,75,45,朴刀,弩兵,弩兵,长史,方形之阵,,,,,,,,,中原,,,,是,
107,伊大目,伊大目,男,80,31,86,40,40,80,50,短锥枪,短枪兵,短枪兵,校尉,方形之阵,,,,,,,,,中原,,,,是,
108,伊默,伊默,男,55,58,79,41,50,70,45,直剑,轻步兵,轻步兵,侍郎,方形之阵,,,,,,,,,中原,,,,是,
109,伊籍,伊籍,男,32,81,75,47,70,85,78,直剑,猛兽兵,猛兽兵,长史,方形之阵,,,,,,,,,中原,,,,是,
110,伏完,伏完,男,71,44,83,41,65,75,35,短锥枪,短枪兵,短枪兵,校尉,方形之阵,,,,,,,,,中原,,,,是,
111,伏寿,伏壽,女,55,81,79,46,80,80,100,短弓,女兵,轻步兵,侍郎,箭矢之阵,,,,,20,,,,中原,,,,是,
112,仲长统,仲長統,男,59,62,79,42,50,70,45,朴刀,短弓兵,短弓兵,侍郎,方形之阵,,,,,,,,,中原,,,,是,
113,全琮,全琮,男,80,75,86,46,59,75,131,短锥枪,猛兽兵,猛兽兵,侍郎,方形之阵,,,,,,,,孙大虎,中原,,,,是,
114,全端,全端,男,75,63,84,44,26,75,141,铜长刀,猛兽兵,猛兽兵,侍郎,方形之阵,,,,,,,全琮,,中原,,,,是,
115,吉太,吉太,男,29,90,73,48,85,80,125,短弓,轻步兵,弩车,长史,方形之阵,,,,,20,,,,中原,,,,是,
116,吉穆,吉穆,男,31,87,74,45,85,80,120,朴刀,轻步兵,短弓兵,长史,方形之阵,,,,,,,,,中原,,,,是,
117,吉邈,吉邈,男,30,88,74,45,85,80,123,直剑,轻步兵,短弓兵,长史,方形之阵,,,,,,,,,中原,,,,是,
118,向秀,向秀,男,33,85,73,44,85,70,120,短弓,弩兵,弩兵,长史,方形之阵,,,,,,,,,中原,,,,是,
119,向朗,向朗,男,22,83,74,46,54,70,79,短锥枪,蛮兵,蛮兵,长史,方形之阵,,,,,,,,,中原,,,,是,
120,向宠,向寵,男,71,72,83,44,27,85,79,朴刀,短枪兵,短枪兵,侍郎,方形之阵,,,,,,,,,中原,,,,是,
121,成宜,成宜,男,69,53,79,39,69,70,70,铜长刀,弩兵,弩兵,侍郎,方形之阵,,,,,,,,,中原,,,,是,
122,朱治,朱治,男,62,49,77,42,29,80,121,短锥枪,短弓兵,短弓兵,侍郎,方形之阵,,,,,,,,,中原,,,,是,
123,朱虹,朱虹,女,75,50,74,42,56,80,115,朴刀,女兵,短弓兵,侍郎,钩形之阵,20,,,,,,朱治,,中原,,,,是,
124,朱桓,朱桓,男,87,76,87,47,66,70,120,短锥枪,轻步兵,轻步兵,侍郎,方形之阵,,,,,,,,,中原,,,,是,
125,朱异,朱異,男,53,44,80,40,26,85,126,短弓,短弓兵,短弓兵,校尉,方形之阵,,,,,,,,,中原,,,,是,
126,朱然,朱然,男,76,42,85,41,29,70,121,短锥枪,轻步兵,轻步兵,校尉,方形之阵,,,,,,孙权,,,中原,,,,是,
127,朱损,朱損,男,71,46,84,41,30,70,36,短锥枪,轻步兵,轻步兵,校尉,方形之阵,,,,,,,朱据,,中原,,,,是,
128,朱隽,朱雋,男,75,63,85,44,36,85,88,直剑,轻步兵,轻步兵,侍郎,方形之阵,,,,,,,,,中原,,,,是,
129,朱熊,朱熊,男,80,21,86,34,40,70,38,短锥枪,轻步兵,轻步兵,校尉,方形之阵,,,,,,,朱据,,中原,,,,是,
130,朱褒,朱褒,男,58,44,76,38,25,70,60,铜长刀,轻步兵,轻步兵,校尉,方形之阵,,,,,,,,,中原,,,,是,
131,朱据,朱據,男,72,65,84,45,40,75,40,直剑,短枪兵,短枪兵,侍郎,方形之阵,,,,,,孙权,,,中原,,,,是,
132,朱灵,朱靈,男,67,40,82,40,37,70,34,短弓,猛兽兵,猛兽兵,校尉,方形之阵,,,,,,,,,中原,,,,是,
133,朱赞,朱讚,男,71,35,84,39,40,75,50,短锥枪,短弓兵,短弓兵,校尉,方形之阵,,,,,,,,,中原,,,,是,
134,羊祜,羊祜,男,64,70,80,45,70,75,50,短锥枪,弩兵,弩兵,侍郎,方形之阵,,,,,,,,,中原,,,,是,
135,羊道,羊道,男,32,88,72,45,55,70,50,直剑,弩兵,弩兵,长史,方形之阵,,,,,,,,,中原,,,,是,
136,羊徽瑜,羊徽瑜,女,61,92,80,49,72,85,39,短锥枪,女兵,短枪兵,侍郎,圆形之阵,,,,20,,,,司马师,中原,,,,是,
137,何姬,何姬,女,31,86,71,45,70,75,125,短弓,女兵,弩兵,侍郎,圆形之阵,,,,,20,,,,中原,,,,是,
138,何晏,何晏,男,30,52,70,43,20,70,42,短锥枪,女兵,女兵,长史,方形之阵,,,,,,,,,中原,,,,是,
139,何进,何進,男,74,46,84,42,24,80,70,铜长刀,弩兵,弩兵,校尉,方形之阵,20,20,30,20,20,,,,中原,,,,是,
140,何蜜,何蜜,女,72,51,83,44,60,80,65,直剑,女兵,弩兵,侍郎,箭矢之阵,20,,,,,,何进,,中原,,,,是,
141,何仪,何儀,男,68,32,84,39,47,70,147,短锥枪,黄巾兵,黄巾兵,校尉,方形之阵,,,,,,张角,,,中原,,,,是,
142,冷苞,冷苞,男,65,31,82,38,65,70,95,短锥枪,轻步兵,轻步兵,校尉,方形之阵,,,,,,刘璋,,,中原,,,,是,
143,吾彦,吾彥,男,48,79,78,45,70,75,90,短弓,短弓兵,短弓兵,长史,方形之阵,,,,,,,,,中原,,,,是,
144,吴子兰,吳子蘭,男,75,41,80,40,75,80,100,直剑,轻步兵,轻步兵,校尉,方形之阵,,,,,,,,,中原,,,,是,
145,吴巨,吳巨,男,70,38,83,40,55,70,45,短锥枪,短枪兵,短枪兵,校尉,方形之阵,,,,,,刘表,,,中原,,,,是,
146,吴班,吳班,男,70,48,83,41,37,80,86,铜长刀,弩兵,弩兵,校尉,方形之阵,,,,,,刘备,,,中原,,,,是,
147,吴纲,吳綱,男,41,66,78,45,27,75,11,短弓,轻步兵,轻步兵,长史,方形之阵,,,,,,,,,中原,,,,是,
148,吴质,吳質,男,48,68,78,44,33,80,29,朴刀,女兵,女兵,长史,方形之阵,,,,,,曹丕,,,中原,,,,是,
149,吴兰,吳蘭,男,81,44,85,41,54,75,65,短锥枪,轻步兵,轻步兵,校尉,方形之阵,,,,,,,,,中原,,,,是,
150,吴懿,吳懿,男,79,76,86,47,54,80,59,直剑,短弓兵,短弓兵,侍郎,方形之阵,,,,,,,,,中原,,,,是,
151,吕布,呂布,男,100,45,91,45,27,85,14,短锥枪,轻骑兵,轻骑兵,校尉,箭矢之阵,20,20,20,40,20,,,,中原,是,,,是,
152,吕岱,呂岱,男,67,75,83,42,55,70,45,直剑,弩兵,弩兵,侍郎,方形之阵,,,,,,孙权,,,中原,,,,是,
153,吕威璜,呂威璜,男,72,35,84,40,55,70,45,短锥枪,轻步兵,轻步兵,校尉,方形之阵,,,,,,袁绍,,,中原,,,,是,
154,吕虔,呂虔,男,67,34,83,40,33,80,30,铜长刀,弩兵,弩兵,校尉,方形之阵,,,,,,曹操,,,中原,,,,是,
155,吕凯,呂凱,男,48,73,74,42,40,70,57,短弓,短枪兵,短枪兵,长史,方形之阵,,,,,,刘备,,,中原,,,,是,
156,吕翔,呂翔,男,71,26,84,37,37,75,106,短锥枪,短枪兵,短枪兵,校尉,方形之阵,,,,,,,,,中原,,,,是,
157,吕菁,呂菁,女,81,90,84,49,86,85,125,直剑,女兵,轻骑兵,侍郎,箭矢之阵,30,20,20,20,20,,吕蒙,,中原,,,,是,
158,吕雯,呂雯,女,84,52,81,37,67,70,15,短锥枪,女兵,轻步兵,侍郎,钩形之阵,20,20,20,30,20,,吕布,,中原,,,,是,
159,吕义,呂義,男,77,68,84,45,23,75,69,短锥枪,短弓兵,短弓兵,侍郎,方形之阵,,,,,,刘备,,,中原,,,,是,
160,吕蒙,呂蒙,男,84,90,86,49,84,85,124,直剑,轻步兵,轻骑兵,校尉,箭矢之阵,30,20,20,20,20,孙坚,,,中原,是,,,是,
161,吕范,呂範,男,42,71,77,46,70,85,113,短锥枪,猛兽兵,猛兽兵,长史,方形之阵,,,,,,,,,中原,,,,是,
162,吕据,呂據,男,68,41,82,41,30,70,27,铜长刀,轻步兵,轻步兵,校尉,方形之阵,,,,,,,,,中原,,,,是,
163,吕旷,呂曠,男,70,26,83,37,32,75,106,铜长刀,猛兽兵,猛兽兵,校尉,方形之阵,,,,,,,,,中原,,,,是,
164,宋忠,宋忠,男,36,44,73,41,20,70,15,朴刀,轻步兵,轻步兵,长史,方形之阵,,,,,,刘表,,,中原,,,,是,
165,宋扬,宋揚,男,65,54,83,41,35,70,25,朴刀,短枪兵,短枪兵,校尉,方形之阵,,,,,,,,,中原,,,,是,
166,宋宪,宋憲,男,68,44,82,41,35,80,14,短锥枪,轻步兵,轻步兵,长史,方形之阵,,,,,,,,,中原,,,,是,
167,岑昏,岑昏,男,25,44,73,42,20,70,0,短弓,轻步兵,轻步兵,长史,方形之阵,,,,,,,,,中原,,,,是,
168,李文姬,李文姬,女,75,80,84,48,68,85,40,短锥枪,女兵,弩兵,侍郎,钩形之阵,,,,20,,,,,中原,,,,是,
169,李典,李典,男,77,81,85,47,68,85,22,直剑,短枪兵,短枪兵,侍郎,方形之阵,,,,,,曹操,,,中原,,,,是,
170,李恢,李恢,男,54,86,80,49,57,75,64,直剑,轻步兵,轻步兵,长史,方形之阵,,,,,,刘璋,,,中原,,,,是,
171,李异,李異,男,77,28,86,37,49,75,128,短锥枪,短弓兵,短弓兵,校尉,方形之阵,,,,,,孙权,,,中原,,,,是,
172,李堪,李堪,男,62,44,78,37,53,75,70,铜长刀,短枪兵,短枪兵,校尉,方形之阵,,,,,,,,,中原,,,,是,
173,李肃,李肅,男,44,67,77,45,34,75,5,朴刀,轻步兵,轻步兵,长史,方形之阵,,,,,,,,,中原,,,,是,
174,李傕,李傕,男,67,38,82,39,48,85,0,短锥枪,弩兵,弩兵,校尉,方形之阵,,,,,,董卓,,,中原,,,,是,
175,李福,李福,男,45,78,77,47,78,80,100,直剑,弩兵,弩兵,长史,方形之阵,20,,,,,,,,中原,,,,是,
176,李蒙,李蒙,男,60,45,78,37,59,75,2,短锥枪,短枪兵,短枪兵,校尉,方形之阵,,,,,,,,,中原,,,,是,
177,李儒,李儒,男,25,91,74,48,88,70,149,短弓,弩车,弩车,长史,方形之阵,,,,,20,董卓,,,中原,,,,是,
178,李丰,李豐,男,71,55,83,41,48,70,30,铜长刀,短枪兵,短枪兵,侍郎,方形之阵,,,,,,袁术,,,中原,,,,是,
179,李鹏,李鵬,男,72,39,83,40,36,85,60,短锥枪,弩兵,弩兵,校尉,方形之阵,,,,,,,,,中原,,,,是,
180,李严,李嚴,男,85,79,87,47,61,75,71,铜长刀,短弓兵,短弓兵,侍郎,方形之阵,,,,,,,,,中原,,,,是,
181,杜远,杜遠,男,63,21,81,36,35,75,6,短锥枪,轻步兵,轻步兵,校尉,方形之阵,,,,,,,,,中原,,,,是,
182,杜袭,杜襲,男,62,55,81,41,40,75,50,朴刀,轻步兵,轻步兵,侍郎,方形之阵,,,,,,,,,中原,,,,是,
183,步鹭,步鷺,男,32,83,76,46,57,85,120,短弓,轻骑兵,轻骑兵,长史,方形之阵,,,,,,,,,中原,,,,是,
184,车胄,車胄,男,72,60,84,43,48,85,21,短锥枪,弩兵,弩兵,侍郎,方形之阵,,,,,,,,,中原,,,,是,
185,辛毗,辛毗,男,43,76,78,47,29,85,17,直剑,短枪兵,短枪兵,长史,方形之阵,,,,,,,,,中原,,,,是,
186,辛敞,辛敞,男,45,74,78,46,35,75,25,短锥枪,短弓兵,短弓兵,长史,方形之阵,,,,,,,辛毗,,中原,,,,是,
187,辛评,辛評,男,65,77,82,47,49,85,117,朴刀,短枪兵,短枪兵,侍郎,方形之阵,,,,,,,,,中原,,,,是,
188,辛宪英,辛憲英,女,31,90,75,47,75,80,80,直剑,女兵,轻步兵,侍郎,圆形之阵,20,,,,,,辛毗,,中原,,,,是,
189,邢道荣,邢道榮,男,79,32,86,38,55,85,136,铜长刀,短枪兵,短枪兵,校尉,方形之阵,,,,,,,,,中原,,,,是,
190,阮咸,阮咸,男,29,90,74,47,80,75,120,铜长刀,弩兵,弩兵,长史,方形之阵,,,,,,,,,中原,,,,是,
191,阮籍,阮籍,男,30,88,74,46,75,75,110,短锥枪,弩兵,弩兵,长史,方形之阵,,,,,,,,,中原,,,,是,
192,典韦,典韋,男,97,33,89,40,77,90,25,铜长刀,猛兽兵,猛兽兵,校尉,钩形之阵,20,20,30,20,20,曹操,,,中原,是,,,是,
193,卓膺,卓膺,男,64,48,81,42,29,85,60,短弓,轻步兵,轻步兵,侍郎,方形之阵,,,,,,,,,中原,,,,是,
194,卑衍,卑衍,男,80,29,84,40,65,75,75,直剑,短枪兵,短枪兵,校尉,方形之阵,,,,,,公孙渊,,,中原,,,,是,
195,周玉,周玉,女,54,89,76,46,73,75,125,短锥枪,女兵,弩兵,侍郎,圆形之阵,20,20,20,30,20,,周瑜,,中原,,,,是,
196,周昕,周昕,男,72,41,84,39,34,75,33,短锥枪,猛兽兵,猛兽兵,校尉,方形之阵,,,,,,,,,中原,,,,是,
197,周胤,周胤,男,62,41,80,39,50,70,35,朴刀,轻步兵,轻步兵,校尉,方形之阵,,,,,,,,,中原,,,,是,
198,周仓,周倉,男,82,28,87,39,90,70,75,短锥枪,蛮兵,蛮兵,校尉,方形之阵,,,,,,,,,中原,,,,是,
199,周泰,周泰,男,91,64,89,45,81,80,124,铜长刀,短枪兵,短枪兵,校尉,箭矢之阵,20,20,30,20,20,孙策,,,中原,是,,,是,
200,周瑜,周瑜,男,80,98,85,50,100,80,125,直剑,女兵,轻步兵,侍郎,箭矢之阵,40,20,20,20,20,孙策,,,中原,是,,,是,
201,周鲂,周魴,男,45,79,77,47,31,85,120,直剑,短枪兵,短枪兵,长史,方形之阵,,,,,,孙权,,,中原,,,,是,
202,孟坦,孟坦,男,71,33,80,37,31,75,27,短锥枪,弩兵,弩兵,校尉,方形之阵,,,,,,曹操,,,中原,,,,是,
203,孟达,孟達,男,73,72,85,45,43,80,45,直剑,蛮兵,蛮兵,侍郎,方形之阵,,,,,,,,,中原,,,,是,
204,尚广,尚廣,男,30,64,75,45,0,70,18,直剑,轻步兵,轻步兵,长史,方形之阵,,,,,,,,,中原,,,,是,
205,武安国,武安國,男,70,23,84,36,53,80,41,铜长刀,短枪兵,短枪兵,校尉,方形之阵,,,,,,孔融,,,中原,,,,是,
206,法正,法正,男,55,94,81,49,69,70,72,直剑,轻步兵,轻步兵,长史,方形之阵,20,,,,,,,,中原,,,,是,
207,沮授,沮授,男,61,90,80,48,43,80,104,铜长刀,短弓兵,短弓兵,侍郎,方形之阵,,,,,,,,,中原,,,,是,
208,沮鹄,沮鵠,男,57,62,81,44,33,70,104,直剑,蛮兵,蛮兵,侍郎,方形之阵,,,,,,,,,中原,,,,是,
209,芙蓉,芙蓉,女,87,54,78,41,42,75,66,短锥枪,女兵,匈奴兵,侍郎,钩形之阵,20,20,20,30,20,,,马超,中原,,,,是,
210,金采苹,金采蘋,女,88,45,78,40,50,80,100,短锥枪,女兵,蛮兵,侍郎,方形之阵,,,,20,,,金旋,,中原,,,,是,
211,金旋,金旋,男,53,47,80,40,36,70,105,直剑,短枪兵,猛兽兵,侍郎,方形之阵,,,,,,,,,中原,,,,是,
212,邴原,邴原,男,45,88,78,45,75,70,100,短锥枪,短弓兵,短弓兵,长史,方形之阵,,,,,,,,,中原,,,,是,
213,邯郸商,邯鄲商,男,55,65,81,45,75,75,90,铜长刀,短弓兵,短弓兵,侍郎,方形之阵,,,,,,,,,中原,,,,是,
214,侯成,侯成,男,69,41,83,40,35,80,18,短弓,蛮兵,蛮兵,侍郎,方形之阵,,,,,,,,,中原,,,,是,
215,侯音,侯音,男,75,34,82,39,30,75,55,短锥枪,短枪兵,短枪兵,校尉,方形之阵,,,,,,,,,中原,,,,是,
216,俞涉,俞涉,男,82,56,83,40,29,80,140,直剑,弩兵,弩兵,侍郎,方形之阵,,,,,,袁术,,,中原,,,,是,
217,姜叙,姜敘,男,72,41,82,40,65,80,95,短锥枪,短枪兵,短枪兵,校尉,方形之阵,,,,,,,,,中原,,,,是,
218,姜维,姜維,男,92,96,88,48,90,80,73,短锥枪,短弓兵,蛮兵,侍郎,箭矢之阵,20,20,20,40,20,刘备,,,中原,是,,,是,
219,姜霞,姜霞,女,90,97,85,48,88,85,85,短锥枪,女兵,蛮兵,侍郎,箭矢之阵,20,20,20,30,20,,姜维,,中原,,,,是,
220,施但,施但,男,73,59,85,44,30,75,0,铜长刀,黄巾兵,黄巾兵,侍郎,方形之阵,,,,,,,,,中原,,,,是,
221,皇甫嵩,皇甫嵩,男,70,73,84,45,36,85,33,直剑,轻骑兵,轻骑兵,侍郎,方形之阵,,,,,,,,,中原,,,,是,
222,纪灵,紀靈,男,85,36,87,39,90,70,140,短锥枪,短枪兵,蛮兵,校尉,方形之阵,,,,,,袁术,,,中原,,,,是,
223,胡车儿,胡車兒,男,74,58,85,44,19,75,0,直剑,蛮兵,蛮兵,校尉,方形之阵,,,,,,,,,中原,,,,是,
224,胡芬,胡芬,女,80,74,85,46,65,80,35,短锥枪,女兵,短弓兵,侍郎,箭矢之阵,,,,20,,,,司马炎,中原,,,,是,
225,胡班,胡班,男,67,52,83,43,32,80,86,直剑,短弓兵,短弓兵,侍郎,方形之阵,,,,,,,,,中原,,,,是,
226,胡轸,胡軫,男,71,35,85,39,55,70,5,短锥枪,轻步兵,轻步兵,校尉,方形之阵,,,,,,董卓,,,中原,,,,是,
227,胡奋,胡奮,男,60,37,78,39,30,70,55,铜长刀,轻步兵,轻步兵,校尉,方形之阵,,,,,,,,,中原,,,,是,
228,胡遵,胡遵,男,65,31,78,39,30,70,55,短锥枪,轻步兵,轻步兵,校尉,方形之阵,,,,,,,,,中原,,,,是,
229,范慎,范慎,男,35,75,75,46,70,70,88,直剑,短弓兵,短弓兵,长史,方形之阵,,,,,,,,,中原,,,,是,
230,范疆,范疆,男,51,36,79,39,29,85,108,直剑,短弓兵,短弓兵,校尉,方形之阵,,,,,,,,,中原,,,,是,
231,韦昭,韋昭,男,35,77,75,46,75,75,75,直剑,短弓兵,短弓兵,长史,方形之阵,,,,,,孙权,,,中原,,,,是,
232,韦康,韋康,男,62,33,77,39,30,70,25,短锥枪,轻步兵,轻步兵,校尉,方形之阵,,,,,,曹操,,,中原,,,,是,
233,种卲,种卲,男,64,68,77,45,70,75,50,短弓,弩兵,弩兵,侍郎,方形之阵,,,,,,,种拂,,中原,,,,是,
234,种拂,种拂,男,70,58,85,44,88,80,75,朴刀,轻步兵,轻步兵,侍郎,方形之阵,,,,,,,,,中原,,,,是,
235,种辑,种輯,男,75,37,82,39,80,75,55,铜长刀,短枪兵,短枪兵,校尉,方形之阵,,,,,,,,,中原,,,,是,
236,伦直,倫直,男,35,76,75,45,74,75,90,朴刀,短弓兵,短弓兵,长史,方形之阵,,,,,,,,,中原,,,,是,
237,凌统,凌統,男,83,60,87,44,53,85,118,短锥枪,弩兵,弩兵,侍郎,方形之阵,,,,,,,凌操,,中原,,,,是,
238,凌操,凌操,男,82,48,86,41,44,75,118,短锥枪,短弓兵,短弓兵,校尉,方形之阵,,,,,,,,,中原,,,,是,
239,唐咨,唐咨,男,60,37,78,39,35,70,60,短弓,轻步兵,轻步兵,校尉,方形之阵,,,,,,,,,中原,,,,是,
240,夏侯令女,夏侯令女,女,70,78,76,43,90,75,120,直剑,女兵,弩车,侍郎,方形之阵,20,,,,,,,曹文叔,中原,,,,是,
241,夏侯玄,夏侯玄,男,29,76,74,47,27,70,25,直剑,轻骑兵,轻骑兵,长史,方形之阵,,,,,,,,,中原,,,,是,
242,夏侯和,夏侯和,男,62,85,81,47,31,70,25,直剑,短弓兵,弩车,侍郎,方形之阵,,,,,,,,,中原,,,,是,
243,夏侯尚,夏侯尚,男,70,68,83,45,60,80,23,铜长刀,轻步兵,轻步兵,侍郎,方形之阵,,,,,,,夏侯渊,,中原,,,,是,
244,夏侯威,夏侯威,男,77,70,85,45,33,85,25,直剑,弩车,轻步兵,侍郎,方形之阵,,,,,,,夏侯渊,,中原,,,,是,
245,夏侯恩,夏侯恩,男,63,56,81,43,60,75,29,铜长刀,轻步兵,轻步兵,侍郎,方形之阵,,,,,,曹操,,,中原,,,,是,
246,夏侯涓,夏侯涓,女,73,76,78,42,69,75,30,直剑,女兵,短弓兵,侍郎,钩形之阵,20,,,,,,,张飞,中原,,,,是,
247,夏侯惇,夏侯惇,男,96,70,90,46,100,85,25,铜长刀,轻骑兵,轻骑兵,校尉,箭矢之阵,20,20,40,20,20,曹操,,,中原,是,,,是,
248,夏侯渊,夏侯淵,男,94,55,89,43,99,85,25,铜长刀,轻骑兵,轻骑兵,校尉,钩形之阵,20,20,40,20,20,曹操,,,中原,是,,,是,
249,夏侯楙,夏侯楙,男,48,43,79,40,21,80,27,短锥枪,轻步兵,轻步兵,侍郎,方形之阵,,,,,,,夏侯惇,,中原,,,,是,
250,夏侯娇,夏侯嬌,女,88,59,85,44,95,85,35,铜长刀,女兵,弩兵,侍郎,箭矢之阵,20,20,30,20,20,,夏侯渊,,中原,,,,是,
251,夏侯德,夏侯德,男,68,66,82,45,45,75,21,直剑,猛兽兵,猛兽兵,侍郎,方形之阵,,,,,,,,,中原,,,,是,
252,夏侯儒,夏侯儒,男,85,63,85,45,96,80,50,朴刀,短枪兵,短枪兵,侍郎,方形之阵,30,20,20,20,20,,夏侯渊,,中原,,,,是,
253,夏侯霸,夏侯霸,男,90,68,87,44,84,75,51,短锥枪,短枪兵,短枪兵,校尉,方形之阵,20,20,20,30,20,,夏侯渊,,中原,,,,是,
254,孙大虎,孫大虎,女,87,55,84,43,60,70,45,直剑,女兵,短枪兵,侍郎,箭矢之阵,30,20,20,20,20,,孙权,,中原,,,,是,
255,孙小虎,孫小虎,女,67,88,80,45,75,70,45,短弓,女兵,短弓兵,侍郎,圆形之阵,20,20,20,20,30,,孙权,,中原,,,,是,
256,孙仁,孫仁,女,86,76,89,45,88,85,125,铜长刀,女兵,轻骑兵,侍郎,圆形之阵,20,20,40,20,20,,孙坚,,中原,是,,,是,
257,孙休,孫休,男,48,71,79,42,65,70,40,短锥枪,女兵,女兵,长史,方形之阵,,,,,,,孙权,,中原,,,,是,
258,孙匡,孫匡,男,32,71,74,43,67,75,80,朴刀,短弓兵,短弓兵,长史,方形之阵,,,,,,,孙坚,,中原,,,,是,
259,孙秀,孫秀,男,83,45,82,40,75,80,100,短锥枪,短枪兵,短枪兵,校尉,方形之阵,,,,,,,,,中原,,,,是,
260,孙和,孫和,男,64,58,76,43,70,70,50,直剑,轻步兵,轻步兵,侍郎,方形之阵,,,,,,,孙权,,中原,,,,是,
261,孙亮,孫亮,男,62,57,79,43,75,70,45,短锥枪,轻步兵,轻步兵,侍郎,方形之阵,,,,,,,孙权,,中原,,,,是,
262,孙娟,孫娟,女,65,85,81,48,90,85,120,铜长刀,女兵,短弓兵,侍郎,箭矢之阵,,,20,,,,孙坚,,中原,,,,是,
263,孙峻,孫峻,男,60,58,79,43,28,70,25,直剑,弩兵,弩兵,侍郎,方形之阵,,,,,,,,,中原,,,,是,
264,孙朗,孫朗,男,62,35,81,38,39,85,125,短锥枪,短弓兵,短弓兵,校尉,方形之阵,,,,,,,孙坚,,中原,,,,是,
265,孙桓,孫桓,男,75,72,84,46,25,75,127,朴刀,短弓兵,弩车,侍郎,方形之阵,,,,,,,,,中原,,,,是,
266,孙狼,孫狼,男,72,65,83,45,45,75,85,短锥枪,黄巾兵,黄巾兵,侍郎,方形之阵,,,,,,,,,中原,,,,是,
267,孙干,孫乾,男,36,78,76,46,51,85,77,朴刀,轻步兵,轻步兵,长史,方形之阵,,,,,,,,,中原,,,,是,
268,孙坚,孫堅,男,94,81,89,47,90,85,125,朴刀,轻步兵,投石车,校尉,圆形之阵,30,20,20,20,20,,,,中原,是,,,是,
269,孙异,孫異,男,71,42,83,39,43,70,58,短锥枪,轻步兵,轻步兵,校尉,方形之阵,,,,,,,,,中原,,,,是,
270,孙翊,孫翊,男,81,52,85,43,55,70,125,铜长刀,轻步兵,轻步兵,校尉,方形之阵,,,20,,,,孙坚,,中原,,,,是,
271,孙登,孫登,男,22,81,72,47,20,70,125,直剑,短枪兵,短枪兵,长史,方形之阵,20,,,,,,孙权,,中原,,,,是,
272,孙皓,孫皓,男,77,62,85,43,33,75,125,直剑,短枪兵,短枪兵,侍郎,方形之阵,20,,,,,,孙和,,中原,,,,是,
273,孙策,孫策,男,95,83,89,48,94,90,127,铜长刀,女兵,轻骑兵,侍郎,箭矢之阵,20,20,40,20,20,,孙坚,,中原,是,,,是,
274,孙瑜,孫瑜,男,35,71,76,45,50,75,65,短弓,短弓兵,短弓兵,长史,方形之阵,,,,,,,,,中原,,,,是,
275,孙韶,孫韶,男,82,58,87,43,49,70,124,短锥枪,轻步兵,轻步兵,校尉,方形之阵,,,,,,孙坚,,,中原,,,,是,
276,孙霓裳,孫霓裳,女,85,81,86,48,95,85,125,铜长刀,女兵,弩车,侍郎,钩形之阵,20,20,30,20,20,,孙策,,中原,,,,是,
277,孙静,孫靜,男,55,52,80,42,80,70,125,朴刀,短枪兵,短枪兵,侍郎,方形之阵,,,,,,孙坚,,,中原,,,,是,
278,孙礼,孫禮,男,69,67,83,44,39,70,21,直剑,短弓兵,短弓兵,侍郎,方形之阵,,,,,,,,,中原,,,,是,
279,孙权,孫權,男,83,88,86,48,92,85,125,朴刀,短枪兵,轻骑兵,侍郎,圆形之阵,40,20,20,20,20,,孙坚,,中原,是,,,是,
280,宴明,宴明,男,73,52,77,39,59,75,27,短锥枪,轻步兵,轻步兵,侍郎,方形之阵,,,,,,曹洪,,,中原,,,,是,
281,徐他,徐他,男,75,50,78,40,80,75,100,铜长刀,弩兵,弩兵,侍郎,方形之阵,,,,,,,,,中原,,,,是,
282,徐晃,徐晃,男,93,69,88,46,78,85,23,铜长刀,猛兽兵,猛兽兵,校尉,钩形之阵,20,20,30,20,20,曹操,,,中原,是,,,是,
283,徐庶,徐庶,男,66,97,83,50,69,70,74,朴刀,弩车,弩车,长史,方形之阵,30,30,10,10,10,,,,中原,,,,是,
284,徐盛,徐盛,男,81,78,86,47,66,75,122,直剑,短枪兵,短枪兵,侍郎,方形之阵,,,,,,,,,中原,,,,是,
285,徐荣,徐榮,男,58,41,81,41,39,80,143,短锥枪,蛮兵,蛮兵,校尉,方形之阵,,,,,,董卓,,,中原,,,,是,
286,徐质,徐質,男,66,38,82,40,45,80,23,铜长刀,短弓兵,短弓兵,校尉,方形之阵,,,,,,,,,中原,,,,是,
287,徐邈,徐邈,男,45,79,78,47,90,80,120,短锥枪,弩兵,弩兵,校尉,方形之阵,,,,,,,,,中原,,,,是,
288,桓范,桓範,男,21,84,72,48,66,70,21,直剑,短弓兵,短弓兵,长史,方形之阵,,,,,,,,,中原,,,,是,
289,留略,留略,男,72,32,82,39,35,70,23,短锥枪,轻步兵,轻步兵,校尉,方形之阵,,,,,,,,,中原,,,,是,
290,留赞,留贊,男,65,36,79,39,40,70,65,铜长刀,轻步兵,轻步兵,校尉,方形之阵,,,,,,孙权,,,中原,,,,是,
291,祖茂,祖茂,男,75,64,85,45,59,85,127,直剑,短枪兵,短枪兵,侍郎,方形之阵,,,,,,,,,中原,,,,是,
292,祖郎,祖郎,男,66,64,79,45,43,75,30,朴刀,黄巾兵,黄巾兵,侍郎,方形之阵,,,,,,,,,中原,,,,是,
293,祝公道,祝公道,男,85,77,86,47,92,80,125,朴刀,弩兵,轻骑兵,侍郎,钩形之阵,40,20,20,20,20,,,,中原,,,,是,
294,秦旦,秦旦,男,55,62,75,45,50,70,65,短弓,短弓兵,短弓兵,侍郎,方形之阵,,,,,,,,,中原,,,,是,
295,秦宓,秦宓,男,28,77,73,46,23,75,69,短锥枪,短枪兵,短枪兵,长史,方形之阵,,,,,,刘备,,,中原,,,,是,
296,秦琪,秦琪,男,73,53,78,40,33,75,27,直剑,短枪兵,短枪兵,侍郎,方形之阵,,,,,,曹操,,,中原,,,,是,
297,耿纪,耿紀,男,34,79,75,46,25,75,83,朴刀,猛兽兵,猛兽兵,长史,方形之阵,,,,,,,,,中原,,,,是,
298,荀攸,荀攸,男,48,95,78,50,68,80,27,短锥枪,弩兵,弩兵,长史,方形之阵,,,,20,,曹操,,,中原,,,,是,
299,荀彧,荀彧,男,36,97,77,49,65,85,27,短锥枪,投石车,投石车,长史,圆形之阵,20,20,20,40,20,,,,中原,是,,,是,
300,袁杏,袁杏,女,75,80,78,46,67,80,95,朴刀,女兵,弩兵,侍郎,箭矢之阵,30,20,20,20,20,,袁谭,,中原,,,,是,
301,袁尚,袁尚,男,71,48,84,42,60,70,101,朴刀,弩兵,弩兵,校尉,方形之阵,20,,,,,,袁绍,,中原,,,,是,
302,袁芳,袁芳,女,77,64,82,41,35,80,101,朴刀,女兵,短弓兵,侍郎,箭矢之阵,20,,,,,,袁绍,,中原,,,,是,
303,袁胤,袁胤,男,32,61,75,43,25,75,140,铜长刀,轻步兵,轻步兵,长史,方形之阵,,,,,,,,,中原,,,,是,
304,袁绍,袁紹,男,81,77,86,47,46,85,101,朴刀,短枪兵,女兵,侍郎,方形之阵,30,20,20,20,20,,,,中原,是,,,是,
305,袁术,袁術,男,72,68,83,45,43,70,140,短锥枪,弩兵,弩车,侍郎,方形之阵,,,,20,,,,,中原,,,,是,
306,袁隗,袁隗,男,34,85,73,46,80,80,100,直剑,弩车,弩车,长史,方形之阵,,,,,,袁绍,,,中原,,,,是,
307,袁熙,袁熙,男,61,69,81,44,64,80,101,直剑,弩兵,弩兵,侍郎,方形之阵,,,,,,,袁绍,,中原,,,,是,
308,袁遗,袁遺,男,55,74,75,45,77,75,102,短弓,短弓兵,短弓兵,长史,方形之阵,,,,,,,,,中原,,,,是,
309,袁谭,袁譚,男,64,50,83,41,63,85,101,朴刀,短弓兵,短弓兵,侍郎,方形之阵,,,,,,,袁绍,,中原,,,,是,
310,郝昭,郝昭,男,83,88,87,49,64,80,25,短锥枪,轻步兵,短弓兵,侍郎,方形之阵,,,,,,,,,中原,,,,是,
311,马元义,馬元義,男,54,72,72,43,12,70,9,短锥枪,黄巾兵,黄巾兵,长史,方形之阵,,,,,,张角,,,中原,,,,是,
312,马日磾,馬日磾,男,85,39,85,38,70,80,85,铜长刀,短枪兵,短枪兵,校尉,方形之阵,,,,,,,,,中原,,,,是,
313,马休,馬休,男,68,39,83,40,42,75,70,短锥枪,蛮兵,蛮兵,校尉,方形之阵,,,,,,,马腾,,中原,,,,是,
314,马宇,馬宇,男,69,19,75,37,29,70,50,铜长刀,轻步兵,轻步兵,校尉,方形之阵,,,,,,,,,中原,,,,是,
315,马均,馬均,男,47,43,78,40,51,70,70,直剑,短枪兵,短枪兵,侍郎,方形之阵,,,,,,,,,中原,,,,是,
316,马良,馬良,男,28,92,74,49,56,80,77,短锥枪,短枪兵,短枪兵,长史,方形之阵,,,,,,刘备,,,中原,,,,是,
317,马岱,馬岱,男,85,48,86,42,62,80,71,短锥枪,蛮兵,蛮兵,校尉,方形之阵,,,,,,马腾,,,中原,,,,是,
318,马延,馬延,男,71,50,78,42,67,75,102,短弓,短枪兵,短枪兵,校尉,方形之阵,,,,,,袁尚,,,中原,,,,是,
319,马忠,馬忠,男,61,52,81,41,30,85,73,铜长刀,轻步兵,轻步兵,侍郎,方形之阵,,,,,,,,,中原,,,,是,
320,马玩,馬玩,男,70,33,83,38,56,75,68,短锥枪,短弓兵,匈奴兵,校尉,方形之阵,,,,,,,,,中原,,,,是,
321,马琳,馬琳,女,90,61,86,39,80,85,70,铜长刀,女兵,匈奴兵,侍郎,钩形之阵,20,20,30,20,20,,马超,,中原,,,,是,
322,马超,馬超,男,96,43,88,41,96,85,70,铜长刀,匈奴兵,匈奴兵,校尉,箭矢之阵,20,20,40,20,20,,马腾,,中原,是,,,是,
323,马云萝,馬雲蘿,女,85,67,86,42,80,85,75,短锥枪,女兵,匈奴兵,侍郎,箭矢之阵,20,20,20,30,20,,马腾,,中原,,,,是,
324,马翠,馬翠,女,77,79,80,48,70,80,88,直剑,女兵,匈奴兵,侍郎,圆形之阵,20,,,,,,马谡,,中原,,,,是,
325,马遵,馬遵,男,65,38,80,40,75,75,84,短锥枪,匈奴兵,匈奴兵,校尉,方形之阵,,,,,,,,,中原,,,,是,
326,马谡,馬謖,男,67,83,83,48,61,80,80,直剑,匈奴兵,匈奴兵,侍郎,方形之阵,20,,,,,刘备,,,中原,,,,是,
327,马邈,馬邈,男,67,35,80,40,30,70,30,短锥枪,轻步兵,轻步兵,校尉,方形之阵,,,,,,,,,中原,,,,是,
328,马腾,馬騰,男,91,58,87,42,51,70,70,短锥枪,匈奴兵,匈奴兵,校尉,方形之阵,,,,,,,,,中原,,,,是,
329,马铁,馬鐵,男,86,58,85,42,65,75,79,铜长刀,匈奴兵,匈奴兵,校尉,方形之阵,,,20,,,,马腾,,中原,,,,是,
330,高沛,高沛,男,62,38,81,40,52,70,84,朴刀,短枪兵,短枪兵,校尉,方形之阵,,,,,,刘焉,,,中原,,,,是,
331,高定,高定,男,67,39,83,40,29,80,63,短锥枪,轻步兵,轻步兵,校尉,方形之阵,,,,,,,,,中原,,,,是,
332,高升,高昇,男,63,70,73,44,35,75,10,直剑,短弓兵,黄巾兵,侍郎,方形之阵,,,,,,张角,,,中原,,,,是,
333,高柔,高柔,男,40,58,76,42,50,70,70,短锥枪,轻步兵,轻步兵,长史,方形之阵,,,,,,曹操,,,中原,,,,是,
334,高堂隆,高堂隆,男,35,86,75,48,80,80,110,短弓,弩兵,弩兵,长史,方形之阵,,,,,,,,,中原,,,,是,
335,高翔,高翔,男,72,61,81,44,77,75,101,朴刀,短枪兵,短枪兵,侍郎,方形之阵,,,,,,刘备,,,中原,,,,是,
336,高顺,高順,男,82,59,86,44,77,75,14,直剑,弩兵,弩兵,校尉,方形之阵,,,,,,,,,中原,,,,是,
337,高干,高幹,男,62,63,81,44,30,80,101,朴刀,短弓兵,短弓兵,侍郎,方形之阵,,,,,,,,,中原,,,,是,
338,高览,高覽,男,75,52,84,41,42,85,31,短锥枪,短枪兵,短枪兵,侍郎,方形之阵,,,,,,,,,中原,,,,是,
339,区星,區星,男,74,56,82,40,45,70,45,朴刀,黄巾兵,黄巾兵,侍郎,方形之阵,,,,,,,,,中原,,,,是,
340,崔勇,崔勇,男,61,37,75,38,36,70,3,短锥枪,短枪兵,短枪兵,校尉,方形之阵,,,,,,郭汜,,,中原,,,,是,
341,崔琰,崔琰,男,71,54,82,41,78,75,90,铜长刀,轻步兵,轻步兵,侍郎,方形之阵,,,,,,袁绍,,,中原,,,,是,
342,常雕,常雕,男,78,38,82,38,45,75,36,铜长刀,轻步兵,轻步兵,校尉,方形之阵,,,,,,,,,中原,,,,是,
343,张子谦,張子謙,男,45,42,75,38,25,70,15,朴刀,轻步兵,轻步兵,侍郎,方形之阵,,,,,,,,,中原,,,,是,
344,张允,張允,男,64,63,82,43,25,80,36,朴刀,短枪兵,短枪兵,侍郎,方形之阵,,,,,,,,,中原,,,,是,
345,张布,張布,男,75,48,82,38,70,70,46,短锥枪,弩兵,弩兵,校尉,方形之阵,,,,,,,,,中原,,,,是,
346,张白骑,張白騎,男,70,50,81,40,40,70,25,直剑,黄巾兵,黄巾兵,侍郎,方形之阵,,,,,,,,,中原,,,,是,
347,张休,張休,男,30,85,75,46,77,70,122,短弓,弩兵,弩兵,长史,方形之阵,,,,,,,张昭,,中原,,,,是,
348,张任,張任,男,86,75,86,47,81,75,56,短锥枪,短弓兵,短弓兵,侍郎,方形之阵,,,,,,刘焉,,,中原,,,,是,
349,张角,張角,男,90,95,81,49,52,85,9,直剑,尸兵,黄巾兵,侍郎,箭矢之阵,40,20,20,20,20,,,,中原,是,,,是,
350,张佩,張佩,女,78,70,83,45,45,85,100,直剑,女兵,短弓兵,侍郎,钩形之阵,20,,,,,,张绣,,中原,,,,是,
351,张承,張承,男,76,51,83,40,53,70,40,铜长刀,轻步兵,轻步兵,侍郎,方形之阵,,,,,,孙权,,,中原,,,,是,
352,张松,張松,男,27,93,74,49,60,85,70,直剑,弩兵,弩兵,长史,方形之阵,20,,,,,,,,中原,,,,是,
353,张虎,張虎,男,72,55,83,42,43,70,20,铜长刀,短弓兵,短弓兵,校尉,方形之阵,20,20,30,20,20,,张辽,,中原,,,,是,
354,张南,張南,男,65,42,72,37,50,70,100,短锥枪,轻步兵,轻步兵,侍郎,方形之阵,,,,,,袁熙,,,中原,,,,是,
355,张既,張既,男,42,77,73,48,80,75,100,短锥枪,短弓兵,短弓兵,长史,方形之阵,,,,,,,,,中原,,,,是,
356,张昭,張昭,男,20,94,72,50,77,70,122,短弓,轻步兵,轻步兵,长史,方形之阵,10,30,10,10,30,孙坚,,,中原,,,,是,
357,张英,張英,男,73,39,84,40,58,80,105,铜长刀,猛兽兵,猛兽兵,校尉,方形之阵,,,,,,,,,中原,,,,是,
358,张苞,張苞,男,86,45,87,41,88,85,75,短锥枪,短枪兵,猛兽兵,校尉,方形之阵,20,20,20,30,20,,张飞,,中原,,,,是,
359,张郃,張郃,男,94,71,88,46,83,80,18,短锥枪,短枪兵,短枪兵,校尉,箭矢之阵,20,20,20,40,20,,,,中原,是,,,是,
360,张飞,張飛,男,99,49,90,41,99,85,75,短锥枪,短枪兵,轻骑兵,校尉,钩形之阵,20,20,20,40,20,刘备,,,中原,是,,,是,
361,张悌,張悌,男,21,85,72,47,78,70,100,短弓,弩车,弩车,长史,方形之阵,,,,,,,,,中原,,,,是,
362,张纯,張純,男,75,34,84,40,25,70,9,短锥枪,轻步兵,轻步兵,校尉,方形之阵,,,,,,,,,中原,,,,是,
363,张纮,張紘,男,23,89,73,48,92,85,122,朴刀,弩兵,弩兵,长史,方形之阵,,,,,,孙坚,,,中原,,,,是,
364,张梁,張梁,男,84,62,86,43,47,75,9,铜长刀,尸兵,黄巾兵,侍郎,方形之阵,,,,,,张角,,,中原,,,,是,
365,张梅,張梅,女,75,73,83,46,45,85,10,朴刀,女兵,弩车,侍郎,钩形之阵,20,,,,,,张鲁,,中原,,,,是,
366,张猛,張猛,男,68,33,73,40,30,70,10,短锥枪,轻步兵,轻步兵,校尉,方形之阵,,,,,,,,,中原,,,,是,
367,张球,張球,男,70,29,82,39,50,70,50,铜长刀,轻步兵,轻步兵,校尉,方形之阵,,,,,,,,,中原,,,,是,
368,张绍,張紹,男,48,73,78,46,35,75,75,短锥枪,短枪兵,短枪兵,长史,方形之阵,,,,,,刘备,,,中原,,,,是,
369,张陵,張陵,男,21,89,72,48,50,80,50,短弓,尸兵,尸兵,长史,方形之阵,,,,,30,,,,中原,,,,是,
370,张华,張華,男,31,50,75,41,45,70,25,短弓,弩兵,弩兵,长史,方形之阵,,,,,,,,,中原,,,,是,
371,张杨,張楊,男,45,75,78,46,65,75,70,短锥枪,轻步兵,轻步兵,长史,方形之阵,,,,,,,,,中原,,,,是,
372,张温,張溫,男,21,70,72,45,32,70,120,短弓,短弓兵,短弓兵,长史,方形之阵,,,,,,,,,中原,,,,是,
373,张达,張達,男,54,38,80,39,33,70,108,铜长刀,短枪兵,短枪兵,校尉,方形之阵,,,,,,,,,中原,,,,是,
374,张宁,張寧,女,65,79,83,41,48,80,10,短锥枪,女兵,尸兵,侍郎,圆形之阵,20,20,20,30,20,,张角,,中原,,,,是,
375,张卫,張衛,男,76,37,85,39,35,85,8,短锥枪,短枪兵,短枪兵,校尉,方形之阵,,,,,,,,,中原,,,,是,
376,张鲁,張魯,男,65,83,82,46,40,80,9,朴刀,轻骑兵,轻骑兵,侍郎,方形之阵,,,,,,,,,中原,,,,是,
377,张勋,張勳,男,69,63,83,44,57,85,138,铜长刀,短弓兵,短弓兵,侍郎,方形之阵,,,,,,袁术,,,中原,,,,是,
378,张横,張橫,男,73,29,85,39,29,85,68,铜长刀,短枪兵,短枪兵,校尉,方形之阵,,,,,,,,,中原,,,,是,
379,张燕,張燕,男,77,49,85,41,25,80,40,朴刀,轻步兵,轻步兵,校尉,方形之阵,,,,,,,,,中原,,,,是,
380,张燕燕,張燕燕,女,80,78,85,45,90,85,80,短锥枪,女兵,弩车,侍郎,钩形之阵,20,20,20,30,20,,张飞,,中原,,,,是,
381,张辽,張遼,男,95,89,89,48,68,85,20,铜长刀,弩兵,轻骑兵,校尉,箭矢之阵,20,20,40,20,20,,,,中原,是,,,是,
382,张济,張濟,男,72,64,84,45,52,75,148,铜长刀,弩车,弩车,侍郎,方形之阵,,,,,,,,邹圆,中原,,,,是,
383,张翼,張翼,男,76,63,84,43,60,75,68,朴刀,短枪兵,短枪兵,侍郎,方形之阵,,,,,,刘备,,,中原,,,,是,
384,张举,張舉,男,42,57,78,39,29,75,9,短锥枪,短弓兵,短弓兵,校尉,方形之阵,,,,,,,,,中原,,,,是,
385,张嶷,張嶷,男,76,70,86,45,54,75,65,直剑,弩兵,弩兵,侍郎,方形之阵,,,,,,刘备,,,中原,,,,是,
386,张绣,張繡,男,77,68,85,44,38,80,148,直剑,短弓兵,短弓兵,侍郎,方形之阵,,,,,,,,,中原,,,,是,
387,张邈,張邈,男,62,37,81,40,36,85,146,短锥枪,轻步兵,轻步兵,校尉,方形之阵,,,,,,,,,中原,,,,是,
388,张闿,張闓,男,69,22,82,36,29,70,91,铜长刀,黄巾兵,黄巾兵,校尉,方形之阵,,,,,,,,,中原,,,,是,
389,张顗,張顗,男,54,56,71,39,45,70,102,直剑,短枪兵,短枪兵,侍郎,方形之阵,,,,,,袁尚,,,中原,,,,是,
390,张宝,張寶,男,82,73,86,45,44,70,9,短锥枪,尸兵,黄巾兵,侍郎,方形之阵,,,,,,张角,,,中原,,,,是,
391,张馨,張馨,女,90,88,86,48,75,85,38,铜长刀,女兵,轻骑兵,侍郎,箭矢之阵,20,20,30,20,20,,张辽,,中原,,,,是,
392,张莺莺,張鶯鶯,女,87,55,88,41,90,85,70,短锥枪,女兵,弩车,侍郎,箭矢之阵,20,20,20,30,20,,张飞,,中原,,,,是,
393,曹仁,曹仁,男,86,71,87,45,82,85,25,短锥枪,轻骑兵,轻骑兵,侍郎,方形之阵,,,,,,曹操,,,中原,,,,是,
394,曹文叔,曹文叔,男,25,72,71,45,50,75,80,短弓,短弓兵,短弓兵,长史,方形之阵,,,,,,,,夏侯令女,中原,,,,是,
395,曹丕,曹丕,男,75,79,85,47,70,75,25,直剑,轻步兵,轻步兵,侍郎,方形之阵,20,,,,,,曹操,,中原,,,,是,
396,曹休,曹休,男,78,65,86,45,57,70,26,直剑,弩兵,弩兵,侍郎,方形之阵,,,,,,曹操,,,中原,,,,是,
397,曹宇,曹宇,男,76,75,86,46,90,80,120,朴刀,短枪兵,短枪兵,侍郎,方形之阵,,,,,,,,,中原,,,,是,
398,曹性,曹性,男,68,47,83,42,36,75,13,直剑,轻步兵,轻步兵,校尉,方形之阵,,,,,,,,,中原,,,,是,
399,曹昂,曹昂,男,69,53,84,42,36,75,25,短锥枪,短枪兵,短枪兵,侍郎,方形之阵,,,,20,,,曹操,,中原,,,,是,
400,曹芳,曹芳,男,53,42,80,41,53,70,25,朴刀,短弓兵,短弓兵,侍郎,方形之阵,,,,,,,曹叡,,中原,,,,是,
401,曹洪,曹洪,男,82,55,86,43,82,75,25,短锥枪,短枪兵,短枪兵,校尉,方形之阵,,,,,,曹操,,,中原,,,,是,
402,曹殷,曹殷,男,52,80,80,47,56,75,25,直剑,弩兵,弩兵,长史,方形之阵,20,,,,,,曹叡,,中原,,,,是,
403,曹真,曹真,男,79,70,85,45,66,85,24,铜长刀,短枪兵,短枪兵,侍郎,方形之阵,,,,,,曹操,,,中原,,,,是,
404,曹纯,曹純,男,64,63,82,44,55,80,24,铜长刀,轻步兵,轻步兵,侍郎,方形之阵,,,,,,曹操,,,中原,,,,是,
405,曹豹,曹豹,男,69,22,84,37,20,85,84,短锥枪,短枪兵,短枪兵,校尉,方形之阵,,,,,,,,,中原,,,,是,
406,曹淑,曹淑,女,68,85,81,48,60,85,30,短锥枪,女兵,弩车,侍郎,圆形之阵,20,20,20,30,20,,曹叡,,中原,,,,是,
407,曹爽,曹爽,男,66,44,82,40,45,75,24,直剑,女兵,女兵,侍郎,方形之阵,,,,,,,曹真,,中原,,,,是,
408,曹植,曹植,男,16,91,72,49,64,75,70,短弓,女兵,弩兵,长史,方形之阵,10,30,10,10,30,,曹操,,中原,,,,是,
409,曹华,曹華,女,82,65,76,41,65,75,27,短锥枪,女兵,短弓兵,侍郎,箭矢之阵,20,20,20,30,20,,曹操,,中原,,,,是,
410,曹节,曹節,女,73,68,78,40,70,80,27,朴刀,女兵,轻步兵,侍郎,钩形之阵,30,20,20,20,20,,曹操,,中原,,,,是,
411,曹羡,曹羨,女,55,74,73,43,70,70,27,直剑,女兵,短枪兵,侍郎,箭矢之阵,30,20,20,20,20,,曹操,,中原,,,,是,
412,曹彰,曹彰,男,92,45,88,40,66,75,25,短锥枪,蛮兵,蛮兵,校尉,方形之阵,,,,20,,,曹操,,中原,,,,是,
413,曹肇,曹肇,男,65,72,82,43,70,70,27,短弓,弩兵,弩兵,侍郎,方形之阵,,,,,20,,曹休,,中原,,,,是,
414,曹据,曹據,男,45,80,77,45,60,70,30,朴刀,弩兵,弩兵,长史,方形之阵,,,,,,,,,中原,,,,是,
415,曹操,曹操,男,87,95,88,48,88,90,25,直剑,轻步兵,轻骑兵,侍郎,钩形之阵,40,20,20,20,20,,,,中原,是,,,是,
416,曹羲,曹羲,男,66,38,81,40,33,75,27,铜长刀,短枪兵,短枪兵,校尉,方形之阵,,,,,,,曹真,,中原,,,,是,
417,曹遵,曹遵,男,64,55,81,43,45,70,35,直剑,轻步兵,轻骑兵,侍郎,方形之阵,,,,,,,,,中原,,,,是,
418,曹叡,曹叡,男,57,81,81,46,56,75,25,短锥枪,短弓兵,短弓兵,长史,方形之阵,,,,20,,,曹丕,,中原,,,,是,
419,梁习,梁習,男,34,61,76,40,45,70,25,朴刀,短弓兵,短弓兵,长史,方形之阵,,,,,,,,,中原,,,,是,
420,梁兴,梁興,男,71,28,83,37,42,70,68,短锥枪,短弓兵,匈奴兵,校尉,方形之阵,,,,,,,,,中原,,,,是,
421,梅成,梅成,男,72,31,83,37,25,75,32,短锥枪,黄巾兵,黄巾兵,校尉,方形之阵,,,,,,,,,中原,,,,是,
422,凉茂,涼茂,男,64,65,80,43,55,70,35,短弓,弩兵,弩兵,侍郎,方形之阵,,,,,,,,,中原,,,,是,
423,淳于嘉,淳于嘉,男,20,83,71,47,42,70,40,短弓,弩兵,弩兵,长史,方形之阵,,,,,,,,,中原,,,,是,
424,淳于导,淳于導,男,77,67,80,41,70,75,27,直剑,弩兵,弩兵,侍郎,方形之阵,,,,,,曹仁,,,中原,,,,是,
425,淳于琼,淳于瓊,男,73,59,85,43,45,85,95,直剑,短弓兵,短弓兵,侍郎,方形之阵,,,,,,,,,中原,,,,是,
426,毕轨,畢軌,男,46,44,78,40,30,70,35,短弓,短弓兵,短弓兵,长史,方形之阵,,,,,,,,,中原,,,,是,
427,笮融,笮融,男,61,34,81,39,23,75,107,短锥枪,短枪兵,短枪兵,校尉,方形之阵,,,,,,,,,中原,,,,是,
428,许子将,許子將,男,19,95,71,50,32,75,36,短弓,弩兵,弩兵,长史,方形之阵,,,,,20,,,,中原,,,,是,
429,许攸,許攸,男,42,69,77,44,42,80,21,直剑,弩兵,弩兵,长史,方形之阵,,,,,,,,,中原,,,,是,
430,许贡,許貢,男,56,64,73,40,68,80,45,直剑,轻步兵,轻步兵,侍郎,方形之阵,,,,,,,,,中原,,,,是,
431,许靖,許靖,男,23,76,72,47,29,70,70,直剑,短枪兵,短枪兵,长史,方形之阵,,,,,,,,,中原,,,,是,
432,许褚,許褚,男,98,22,90,38,83,80,25,铜长刀,轻步兵,猛兽兵,校尉,箭矢之阵,20,20,40,20,20,曹操,,,中原,是,,,是,
433,许仪,許儀,男,91,31,89,39,80,80,33,短锥枪,短枪兵,短枪兵,校尉,方形之阵,20,20,20,30,20,,许褚,,中原,,,,是,
434,逢纪,逢紀,男,62,85,82,48,60,85,98,直剑,猛兽兵,猛兽兵,侍郎,方形之阵,,,,,,,,,中原,,,,是,
435,郭女王,郭女王,女,72,63,82,40,30,85,25,铜长刀,女兵,短弓兵,侍郎,圆形之阵,,,20,,,,,曹丕,中原,,,,是,
436,郭石,郭石,男,76,45,82,40,45,70,45,短锥枪,轻步兵,轻步兵,校尉,方形之阵,,,,,,区星,,,中原,,,,是,
437,郭汜,郭汜,男,65,38,81,40,49,80,1,铜长刀,猛兽兵,猛兽兵,校尉,方形之阵,,,,,,,,,中原,,,,是,
438,郭攸之,郭攸之,男,72,70,82,45,75,80,110,直剑,轻步兵,轻步兵,侍郎,方形之阵,,,,,,刘备,,,中原,,,,是,
439,郭奕,郭奕,男,31,80,75,46,32,85,25,短弓,猛兽兵,猛兽兵,长史,方形之阵,,,,,20,,郭嘉,,中原,,,,是,
440,郭淮,郭淮,男,70,39,80,40,40,70,45,短锥枪,轻步兵,轻步兵,校尉,方形之阵,,,,,,,,,中原,,,,是,
441,郭嘉,郭嘉,男,33,98,75,49,63,85,25,朴刀,短弓兵,尸兵,长史,圆形之阵,30,30,10,10,10,曹操,,,中原,是,,,是,
442,郭图,郭圖,男,34,80,76,47,65,75,111,短弓,猛兽兵,猛兽兵,长史,方形之阵,,,,,,袁绍,,,中原,,,,是,
443,郭槐,郭槐,男,46,70,78,45,50,75,31,短弓,女兵,弩兵,侍郎,圆形之阵,,,,,20,,,贾充,中原,,,,是,
444,陈式,陳式,男,70,49,83,42,38,85,81,朴刀,短弓兵,短弓兵,校尉,方形之阵,,,,,,,,,中原,,,,是,
445,陈到,陳到,男,76,61,81,45,75,80,80,直剑,轻步兵,弩车,侍郎,方形之阵,,,,,,,,,中原,,,,是,
446,陈武,陳武,男,79,61,85,43,34,70,117,朴刀,猛兽兵,猛兽兵,侍郎,方形之阵,,,,,,,,,中原,,,,是,
447,陈宫,陳宮,男,62,90,81,48,54,80,14,直剑,投石车,投石车,长史,方形之阵,30,30,10,10,10,,,,中原,,,,是,
448,陈泰,陳泰,男,84,77,87,46,32,85,29,直剑,短枪兵,短枪兵,侍郎,方形之阵,,,,,,,陈群,,中原,,,,是,
449,陈珪,陳珪,男,41,75,76,45,58,75,80,短弓,短弓兵,短弓兵,长史,方形之阵,,,,,,,,,中原,,,,是,
450,陈雪,陳雪,女,56,92,79,49,60,85,20,直剑,女兵,弩车,侍郎,钩形之阵,30,20,20,20,20,陈宫,,,中原,,,,是,
451,陈琳,陳琳,男,19,84,73,47,32,70,37,直剑,蛮兵,蛮兵,长史,方形之阵,,,,,,,,,中原,,,,是,
452,陈登,陳登,男,44,71,77,44,34,80,79,朴刀,蛮兵,蛮兵,长史,方形之阵,20,,,,,,陈珪,,中原,,,,是,
453,陈群,陳群,男,36,93,75,48,63,85,35,短锥枪,轻步兵,轻步兵,长史,方形之阵,,,,,,,,,中原,,,,是,
454,陈瑀,陳瑀,男,62,61,81,43,45,70,120,直剑,弩兵,弩兵,侍郎,方形之阵,,,,,,袁术,,,中原,,,,是,
455,陈震,陳震,男,58,64,80,44,32,80,89,短锥枪,轻步兵,轻步兵,侍郎,方形之阵,,,,,,袁绍,,,中原,,,,是,
456,陈横,陳橫,男,66,52,83,42,49,85,99,直剑,轻步兵,轻步兵,侍郎,方形之阵,,,,,,,,,中原,,,,是,
457,陈矫,陳矯,男,32,69,76,44,36,85,29,朴刀,轻步兵,轻步兵,长史,方形之阵,,,,,,,,,中原,,,,是,
458,陈骞,陳騫,男,65,37,83,40,60,75,35,短锥枪,轻步兵,轻步兵,校尉,方形之阵,,,,,,司马昭,,,中原,,,,是,
459,陈兰,陳蘭,男,68,38,83,45,45,75,130,铜长刀,轻步兵,轻步兵,校尉,方形之阵,,,,,,袁术,,,中原,,,,是,
460,陆抗,陸抗,男,78,93,85,48,51,75,126,直剑,弩兵,弩车,侍郎,方形之阵,30,20,20,20,20,,陆逊,,中原,,,,是,
461,陆英,陸英,女,87,60,85,39,89,85,126,短锥枪,女兵,弩车,侍郎,圆形之阵,20,20,20,30,20,,陆逊,,中原,,,,是,
462,陆凯,陸凱,男,27,72,74,45,33,80,126,朴刀,短枪兵,短枪兵,长史,方形之阵,,,,,,,,,中原,,,,是,
463,陆逊,陸遜,男,77,96,85,48,90,80,126,短锥枪,女兵,弩车,侍郎,方形之阵,20,20,20,30,20,孙坚,,,中原,是,,,是,
464,陆绩,陸績,男,26,76,73,45,26,75,120,直剑,轻步兵,轻步兵,长史,方形之阵,,,,,,,,,中原,,,,是,
465,陶芷,陶芷,女,61,85,80,47,42,80,90,短锥枪,女兵,轻步兵,侍郎,圆形之阵,,,,20,,,陶谦,,中原,,,,是,
466,陶浚,陶濬,男,65,50,81,42,46,75,56,直剑,短枪兵,短枪兵,侍郎,方形之阵,,,,,,,,,中原,,,,是,
467,陶谦,陶謙,男,31,65,75,45,36,70,82,朴刀,短弓兵,短弓兵,侍郎,方形之阵,,,,,,,,,中原,,,,是,
468,傅士仁,傅士仁,男,63,49,81,42,25,85,110,短锥枪,短弓兵,短弓兵,校尉,方形之阵,,,,,,,,,中原,,,,是,
469,傅彤,傅彤,男,72,68,85,46,24,85,74,短弓,轻步兵,轻步兵,校尉,方形之阵,,,,,,,,,中原,,,,是,
470,傅巽,傅巽,男,35,67,76,44,37,75,38,短弓,短弓兵,短弓兵,长史,方形之阵,,,,,,,,,中原,,,,是,
471,傅干,傅幹,男,32,76,75,46,35,80,30,短弓,短枪兵,短枪兵,长史,方形之阵,,,,,,,,,中原,,,,是,
472,傅婴,傅嬰,男,68,61,83,43,32,80,126,直剑,短弓兵,短弓兵,侍郎,方形之阵,,,,,,,,,中原,,,,是,
473,乔玄,喬玄,男,34,55,75,43,31,70,114,直剑,短枪兵,短枪兵,长史,方形之阵,,,,,,乔瑁,,,中原,,,,是,
474,乔乔,喬喬,女,63,75,80,47,50,80,100,直剑,女兵,短弓兵,侍郎,钩形之阵,20,,,,,,乔玄,,中原,,,,是,
475,乔瑁,喬瑁,男,64,59,82,43,30,85,114,直剑,短弓兵,短弓兵,侍郎,方形之阵,20,,,,,,乔玄,,中原,,,,是,
476,焦触,焦觸,男,70,47,73,39,46,70,101,铜长刀,弩兵,弩兵,校尉,方形之阵,,,,,,,,,中原,,,,是,
477,程武,程武,男,26,74,73,47,39,75,22,朴刀,弩兵,弩兵,长史,方形之阵,,,,,,,程昱,,中原,,,,是,
478,程秉,程秉,男,23,68,72,44,30,80,119,直剑,轻步兵,轻步兵,长史,方形之阵,,,,,,,,,中原,,,,是,
479,程昱,程昱,男,46,93,78,49,88,70,24,短锥枪,弩兵,弩兵,长史,方形之阵,,,,,,曹操,,,中原,,,,是,
480,程普,程普,男,81,80,86,46,69,70,123,短锥枪,短枪兵,短枪兵,侍郎,方形之阵,,,,,,,,,中原,,,,是,
481,程远志,程遠志,男,78,42,85,40,51,75,9,铜长刀,黄巾兵,黄巾兵,校尉,方形之阵,,,,,,,,,中原,,,,是,
482,程银,程銀,男,72,33,84,40,26,80,72,短锥枪,轻步兵,匈奴兵,校尉,方形之阵,,,,,,,,,中原,,,,是,
483,华陀,華陀,男,17,96,72,49,80,80,109,直剑,弩车,弩车,长史,方形之阵,30,20,20,20,20,,,,中原,,,,是,
484,华雄,華雄,男,91,31,89,39,58,75,1,短锥枪,轻步兵,短枪兵,校尉,方形之阵,,,,,,董卓,,,中原,是,,,是,
485,华歆,華歆,男,36,80,76,47,69,80,24,直剑,弩兵,弩兵,长史,方形之阵,,,,,,,,,中原,,,,是,
486,貂蝉,貂蟬,女,80,88,80,48,82,85,45,直剑,女兵,弩车,侍郎,箭矢之阵,40,20,20,20,20,王允,,,中原,是,,,是,
487,费诗,費詩,男,72,78,84,46,70,75,77,直剑,轻步兵,弩车,侍郎,方形之阵,,,,,,刘备,,,中原,,,,是,
488,费袆,費褘,男,56,81,81,48,78,85,71,朴刀,短弓兵,短弓兵,长史,方形之阵,,,,,,,,,中原,,,,是,
489,费耀,費耀,男,71,36,84,40,60,75,30,铜长刀,轻步兵,轻步兵,校尉,方形之阵,,,,,,,,,中原,,,,是,
490,贺齐,賀齊,男,82,68,80,45,80,80,125,短锥枪,短弓兵,轻步兵,侍郎,方形之阵,,,,,,孙权,,,中原,,,,是,
491,鄂焕,鄂煥,男,65,25,70,37,33,75,60,短锥枪,短枪兵,蛮兵,校尉,方形之阵,,,,,,,,,中原,,,,是,
492,冯习,馮習,男,72,40,84,39,24,85,71,铜长刀,短枪兵,短枪兵,校尉,方形之阵,,,,,,,,,中原,,,,是,
493,黄忠,黃忠,男,95,68,90,45,41,80,73,短弓,短弓兵,弩车,校尉,箭矢之阵,20,20,20,20,40,刘备,,,中原,是,,,是,
494,黄祖,黃祖,男,71,34,84,38,40,80,40,短锥枪,短枪兵,短枪兵,校尉,方形之阵,,,,,,刘表,,,中原,,,,是,
495,黄强,黃強,男,58,60,75,45,50,70,65,直剑,短弓兵,短弓兵,侍郎,方形之阵,,,,,,,,,中原,,,,是,
496,黄皓,黃皓,男,36,36,72,40,27,70,75,短弓,轻步兵,轻步兵,长史,方形之阵,,,,,,刘禅,,,中原,,,,是,
497,黄舞蝶,黃舞蝶,女,90,70,87,46,50,80,75,短弓,女兵,弩车,侍郎,钩形之阵,20,20,20,20,30,,黄忠,,中原,,,,是,
498,黄盖,黃蓋,男,88,69,87,45,84,70,126,朴刀,轻步兵,轻步兵,校尉,方形之阵,,,,,,孙坚,,,中原,,,,是,
499,黄权,黃權,男,47,83,78,47,35,70,57,直剑,轻步兵,轻步兵,长史,方形之阵,,,,,,,,,中原,,,,是,
500,杨弘,楊弘,男,61,45,78,40,45,70,100,朴刀,轻步兵,轻步兵,校尉,方形之阵,,,,,,袁绍,,,中原,,,,是,
501,杨任,楊任,男,75,33,83,39,35,70,9,短锥枪,短枪兵,短枪兵,校尉,方形之阵,,,,,,张鲁,,,中原,,,,是,
502,杨奉,楊奉,男,74,42,83,40,55,70,50,铜长刀,短枪兵,短枪兵,校尉,方形之阵,,,,,,,,,中原,,,,是,
503,杨昂,楊昂,男,75,33,83,39,30,70,10,短锥枪,弩兵,弩兵,校尉,方形之阵,,,,,,张鲁,,,中原,,,,是,
504,杨松,楊松,男,36,38,75,39,26,85,12,直剑,短枪兵,短枪兵,长史,方形之阵,,,,,,,,,中原,,,,是,
505,杨阜,楊阜,男,71,40,83,40,50,75,40,短锥枪,弩兵,匈奴兵,校尉,方形之阵,,,,,,,,,中原,,,,是,
506,杨柏,楊柏,男,71,30,83,37,40,70,20,铜长刀,短弓兵,短弓兵,校尉,方形之阵,,,,,,张鲁,,,中原,,,,是,
507,杨秋,楊秋,男,70,22,83,36,25,75,68,短锥枪,轻步兵,轻步兵,校尉,方形之阵,,,,,,,,,中原,,,,是,
508,杨修,楊修,男,26,92,73,49,53,70,32,短弓,轻步兵,轻步兵,长史,方形之阵,10,30,10,10,30,,杨彪,,中原,,,,是,
509,杨祚,楊祚,男,65,49,82,41,27,70,9,短锥枪,短弓兵,短弓兵,侍郎,方形之阵,,,,,,,,,中原,,,,是,
510,杨彪,楊彪,男,42,76,78,46,30,75,8,直剑,短弓兵,短弓兵,长史,方形之阵,,,,,,,,,中原,,,,是,
511,杨琦,楊琦,男,74,61,74,41,29,75,25,短锥枪,女兵,女兵,侍郎,方形之阵,,,,,,,,,中原,,,,是,
512,杨仪,楊儀,男,60,72,82,45,33,70,71,直剑,猛兽兵,猛兽兵,侍郎,方形之阵,,,,,,,,,中原,,,,是,
513,杨密,楊密,男,70,36,83,39,29,80,69,短锥枪,短弓兵,短弓兵,校尉,方形之阵,,,,,,郭汜,,,中原,,,,是,
514,杨丑,楊醜,男,65,54,82,41,27,70,10,直剑,轻步兵,轻步兵,侍郎,方形之阵,,,,,,,,,中原,,,,是,
515,杨怀,楊懷,男,76,44,84,41,55,75,53,铜长刀,轻步兵,轻步兵,校尉,方形之阵,,,,,,,,,中原,,,,是,
516,杨艳,楊艷,女,80,71,84,46,70,80,39,短锥枪,女兵,短枪兵,侍郎,箭矢之阵,,,,20,,,,司马炎,中原,,,,是,
517,董允,董允,男,23,84,72,47,44,70,81,直剑,弩兵,弩兵,长史,方形之阵,,,,,,,,,中原,,,,是,
518,董卓,董卓,男,92,53,87,42,30,80,1,铜长刀,匈奴兵,匈奴兵,校尉,箭矢之阵,20,20,40,20,20,,,,中原,是,,,是,
519,董和,董和,男,61,67,81,44,23,75,68,直剑,蛮兵,蛮兵,侍郎,方形之阵,,,,,,,,,中原,,,,是,
520,董宜,董宜,女,74,74,79,46,25,75,10,短弓,女兵,短枪兵,侍郎,圆形之阵,20,20,20,20,30,,董卓,,中原,,,,是,
521,董承,董承,男,73,62,84,43,38,75,92,朴刀,轻步兵,轻步兵,侍郎,方形之阵,,,,,,,,,中原,,,,是,
522,董旻,董旻,男,55,51,80,42,53,75,1,直剑,短枪兵,短枪兵,侍郎,方形之阵,,,,,,,董卓,,中原,,,,是,
523,董昭,董昭,男,49,68,78,45,32,80,21,短弓,轻步兵,轻步兵,侍郎,方形之阵,,,,,,,,,中原,,,,是,
524,董厥,董厥,男,43,75,77,46,60,75,75,短弓,短弓兵,短弓兵,长史,方形之阵,,,,,,刘备,,,中原,,,,是,
525,董衡,董衡,男,73,42,85,40,38,85,29,直剑,短弓兵,短弓兵,校尉,方形之阵,,,,,,,,,中原,,,,是,
526,董袭,董襲,男,85,42,85,40,49,70,126,铜长刀,短枪兵,短枪兵,校尉,方形之阵,,,,,,,,,中原,,,,是,
527,虞翻,虞翻,男,41,78,76,46,43,70,131,直剑,弩兵,弩兵,长史,方形之阵,30,20,20,20,20,,,,中原,,,,是,
528,贾午,賈午,女,78,42,85,42,52,80,40,短锥枪,女兵,轻步兵,侍郎,钩形之阵,,,,20,,,贾充,,中原,,,,是,
529,贾充,賈充,男,26,90,74,49,56,80,31,短锥枪,轻步兵,轻步兵,长史,方形之阵,,,,20,,,贾逵,,中原,,,,是,
530,贾南风,賈南風,女,66,81,80,48,50,80,29,短弓,女兵,短弓兵,侍郎,箭矢之阵,,,,,20,,,司马衷,中原,,,,是,
531,贾荃,賈荃,女,74,70,80,45,50,80,29,朴刀,女兵,短枪兵,侍郎,箭矢之阵,20,,,,,,贾充,,中原,,,,是,
532,贾逵,賈逵,男,48,76,79,45,31,70,29,短锥枪,轻步兵,轻步兵,长史,方形之阵,,,,,,,,,中原,,,,是,
533,贾华,賈華,男,74,61,80,44,80,75,115,铜长刀,短枪兵,短枪兵,侍郎,方形之阵,,,,,,孙权,,,中原,,,,是,
534,贾诩,賈詡,男,43,97,77,50,51,80,16,短锥枪,弩车,弩车,长史,方形之阵,,,,,,,,,中原,,,,是,
535,贾范,賈範,男,48,78,78,47,29,75,7,朴刀,轻步兵,轻步兵,长史,方形之阵,,,,,,,,,中原,,,,是,
536,贾黎民,賈黎民,男,35,82,76,48,60,75,38,直剑,短弓兵,短弓兵,长史,方形之阵,,,,,,,贾充,,中原,,,,是,
537,贾浚,賈濬,女,32,82,75,48,55,75,30,短锥枪,女兵,轻步兵,侍郎,圆形之阵,,,,20,,,,,中原,,,,是,
538,邹陀,鄒陀,男,67,58,82,42,55,70,25,直剑,短弓兵,短弓兵,侍郎,方形之阵,,,,,,,,,中原,,,,是,
539,邹圆,鄒圓,女,34,81,81,36,61,75,113,短锥枪,女兵,弩兵,侍郎,圆形之阵,,,,20,,,,张济,中原,,,,是,
540,邹靖,鄒靖,男,70,67,84,45,66,85,65,直剑,猛兽兵,猛兽兵,侍郎,方形之阵,,,,,,,,,中原,,,,是,
541,雍闿,雍闓,男,74,51,84,41,33,70,55,朴刀,蛮兵,蛮兵,侍郎,方形之阵,,,,,,,,,中原,,,,是,
542,雷绪,雷緒,男,70,61,84,45,56,70,55,短锥枪,短弓兵,短弓兵,侍郎,方形之阵,,,,,,,,,中原,,,,是,
543,雷铜,雷銅,男,83,48,87,42,53,70,68,铜长刀,弩兵,弩兵,校尉,方形之阵,,,,,,,,,中原,,,,是,
544,雷薄,雷薄,男,67,38,82,40,36,70,138,短锥枪,轻步兵,轻步兵,校尉,方形之阵,,,,,,,,,中原,,,,是,
545,廖化,廖化,男,76,68,85,44,55,85,80,铜长刀,蛮兵,蛮兵,侍郎,方形之阵,20,20,30,20,20,,,,中原,,,,是,
546,廖立,廖立,男,71,58,84,42,55,70,35,短锥枪,弩兵,弩兵,侍郎,方形之阵,,,,,,,,,中原,,,,是,
547,廖琴,廖琴,女,75,74,83,46,60,80,75,铜长刀,女兵,轻步兵,侍郎,钩形之阵,20,20,30,20,20,,廖化,,中原,,,,是,
548,满宠,滿寵,男,56,83,79,47,61,75,29,短弓,短枪兵,短枪兵,长史,方形之阵,,,,,,,,,中原,,,,是,
549,甄宓,甄宓,女,70,82,71,45,68,70,74,直剑,女兵,弩兵,侍郎,圆形之阵,30,20,20,20,20,,,袁熙,中原,,,,是,
550,管亥,管亥,男,88,42,87,40,55,85,0,短锥枪,黄巾兵,黄巾兵,校尉,方形之阵,,,,,,,,,中原,,,,是,
551,管承,管承,男,77,79,84,46,45,75,70,朴刀,弩兵,弩兵,侍郎,方形之阵,,,,,,,,,中原,,,,是,
552,管辂,管輅,男,24,94,74,48,25,75,30,直剑,短枪兵,短枪兵,长史,方形之阵,20,,,,,,,,中原,,,,是,
553,管宁,管寧,男,31,80,74,47,75,75,35,短弓,短弓兵,短弓兵,长史,方形之阵,,,,,,公孙度,,,中原,,,,是,
554,臧洪,臧洪,男,78,45,84,40,85,80,70,朴刀,短枪兵,短枪兵,校尉,方形之阵,20,,,,,,,,中原,,,,是,
555,臧霸,臧霸,男,79,45,85,42,48,70,17,短锥枪,短枪兵,短枪兵,校尉,方形之阵,,,,20,,,,,中原,,,,是,
556,裴元绍,裴元紹,男,76,38,85,39,24,75,54,铜长刀,黄巾兵,黄巾兵,校尉,方形之阵,,,20,,,,,,中原,,,,是,
557,赵弘,趙弘,男,71,43,84,41,43,85,15,短锥枪,短枪兵,短枪兵,校尉,方形之阵,,,,,,,,,中原,,,,是,
558,赵昂,趙昂,男,75,38,84,39,45,75,45,铜长刀,短枪兵,短枪兵,校尉,方形之阵,,,,,,,,士异,中原,,,,是,
559,赵统,趙統,男,75,56,84,43,78,70,75,直剑,短枪兵,短枪兵,侍郎,方形之阵,30,20,20,20,20,,赵云,,中原,,,,是,
560,赵累,趙累,男,30,72,75,43,88,75,70,朴刀,短弓兵,短弓兵,长史,方形之阵,,,,,,刘备,,,中原,,,,是,
561,赵云,趙雲,男,97,88,89,48,98,85,75,短锥枪,短枪兵,轻骑兵,侍郎,箭矢之阵,20,20,20,40,20,刘备,,,中原,是,,,是,
562,赵葳,趙葳,女,88,76,78,42,81,80,77,短锥枪,女兵,轻骑兵,侍郎,钩形之阵,20,20,20,40,20,,赵云,,中原,,,,是,
563,赵广,趙廣,男,76,57,85,42,76,70,75,短锥枪,短弓兵,短弓兵,侍郎,方形之阵,20,20,20,40,20,,赵云,,中原,,,,是,
564,赵范,趙範,男,40,68,77,45,27,85,64,朴刀,弩兵,弩兵,长史,方形之阵,,,,,,,,,中原,,,,是,
565,蒯良,蒯良,男,30,86,75,47,44,85,40,短弓,短枪兵,短枪兵,长史,方形之阵,,,,,,,,,中原,,,,是,
566,蒯越,蒯越,男,32,87,75,47,19,70,40,直剑,轻步兵,轻步兵,长史,方形之阵,,,,,,,,,中原,,,,是,
567,刘巴,劉巴,男,48,70,79,44,32,80,66,短弓,短枪兵,短枪兵,长史,方形之阵,,,,,,刘备,,,中原,,,,是,
568,刘伶,劉伶,男,25,88,70,48,75,70,50,朴刀,短弓兵,短弓兵,长史,方形之阵,,,,,,,,,中原,,,,是,
569,刘陶,劉陶,男,27,84,70,48,80,75,70,朴刀,弩兵,弩兵,长史,方形之阵,,,,,,,,,中原,,,,是,
570,刘岱,劉岱,男,67,42,84,41,27,80,36,短锥枪,短弓兵,短弓兵,校尉,方形之阵,,,,,,,,,中原,,,,是,
571,刘延,劉延,男,24,78,70,43,50,75,27,直剑,弩兵,弩兵,长史,方形之阵,,,,,,曹操,,,中原,,,,是,
572,刘表,劉表,男,62,73,81,45,51,75,45,短锥枪,轻步兵,轻步兵,校尉,方形之阵,,,,,,,,,中原,,,,是,
573,刘封,劉封,男,71,64,83,44,47,80,75,铜长刀,短枪兵,短枪兵,校尉,方形之阵,,,,,,刘备,,,中原,,,,是,
574,刘度,劉度,男,52,45,79,40,40,75,135,短弓,短枪兵,短枪兵,校尉,方形之阵,,,,,,,,,中原,,,,是,
575,刘珠,劉珠,女,74,78,82,45,55,80,50,短锥枪,女兵,短弓兵,侍郎,方形之阵,,,,20,,,刘表,,中原,,,,是,
576,刘焉,劉焉,男,36,78,76,46,53,80,55,朴刀,短枪兵,短枪兵,长史,箭矢之阵,,,,,,,,,中原,,,,是,
577,刘理,劉理,男,43,70,72,46,70,75,70,短锥枪,弩兵,弩兵,侍郎,方形之阵,,,,20,,,刘备,,中原,,,,是,
578,刘绍,劉紹,男,45,65,71,45,50,75,50,直剑,短弓兵,短弓兵,长史,方形之阵,,,,,,,,,中原,,,,是,
579,刘备,劉備,男,83,80,86,47,69,80,75,直剑,轻骑兵,弩车,侍郎,圆形之阵,40,20,20,20,20,,,,中原,是,,,是,
580,刘循,劉循,男,68,55,82,43,41,80,55,朴刀,轻步兵,轻步兵,侍郎,方形之阵,,,,,,,,,中原,,,,是,
581,刘琦,劉琦,男,17,76,71,45,81,70,45,直剑,轻步兵,轻步兵,长史,方形之阵,,,,,,,刘表,,中原,,,,是,
582,刘琮,劉琮,男,32,63,76,43,31,85,45,短弓,女兵,短枪兵,长史,方形之阵,,,,,,,刘表,,中原,,,,是,
583,刘虞,劉虞,男,71,30,84,44,65,70,60,短锥枪,短枪兵,短枪兵,校尉,方形之阵,,,,,,,,,中原,,,,是,
584,刘辟,劉辟,男,72,27,83,38,33,70,71,铜长刀,黄巾兵,黄巾兵,校尉,方形之阵,,,,,,,,,中原,,,,是,
585,刘慧娘,劉慧娘,女,64,87,77,48,50,80,90,短锥枪,女兵,弩兵,侍郎,圆形之阵,,,,20,,,刘繇,,中原,,,,是,
586,刘莹,劉瑩,女,72,86,83,48,70,80,79,直剑,女兵,弩车,侍郎,方形之阵,30,20,20,20,20,,刘备,,中原,,,,是,
587,刘璋,劉璋,男,33,62,76,43,42,70,55,直剑,短枪兵,短枪兵,长史,方形之阵,,,,,,,刘焉,,中原,,,,是,
588,刘范,劉範,男,44,36,70,37,44,70,50,铜长刀,轻步兵,轻步兵,校尉,方形之阵,,,,,,,,,中原,,,,是,
589,刘贤,劉賢,男,60,55,82,43,30,70,135,朴刀,短弓兵,短弓兵,侍郎,方形之阵,,,,,,,刘度,,中原,,,,是,
590,刘勋,劉勳,男,72,38,81,39,40,70,120,短锥枪,轻步兵,轻步兵,长史,方形之阵,,,,,,袁术,,,中原,,,,是,
591,刘晔,劉曄,男,30,84,74,47,51,70,27,直剑,短枪兵,短枪兵,长史,方形之阵,,,,,,,,,中原,,,,是,
592,刘禅,劉禪,男,12,36,71,40,31,85,75,短弓,短弓兵,投石车,侍郎,方形之阵,,,,,,,刘备,,中原,,,,是,
593,刘繇,劉繇,男,42,61,77,43,48,85,97,短锥枪,弩兵,弩兵,长史,方形之阵,,,,,,,,,中原,,,,是,
594,刘嚣,劉囂,男,30,64,74,44,50,70,50,短弓,短弓兵,投石车,长史,方形之阵,,,,,,,,,中原,,,,是,
595,审配,審配,男,73,68,83,45,37,80,102,朴刀,短枪兵,短枪兵,侍郎,方形之阵,,,,,,,,,中原,,,,是,
596,樊建,樊建,男,43,75,77,46,60,75,75,铜长刀,弩兵,弩兵,长史,方形之阵,,,,,,刘备,,,中原,,,,是,
597,樊稠,樊稠,男,82,27,86,37,48,75,4,短锥枪,蛮兵,蛮兵,校尉,方形之阵,,,,,,,,,中原,,,,是,
598,乐进,樂進,男,82,56,86,43,53,75,22,铜长刀,短枪兵,短枪兵,校尉,方形之阵,,,,,,,,,中原,,,,是,
599,潘凤,潘鳳,男,75,29,84,39,60,85,137,短锥枪,短弓兵,短弓兵,校尉,方形之阵,,,,,,,,,中原,,,,是,
600,潘璋,潘璋,男,77,46,85,42,46,70,112,短锥枪,弩兵,弩兵,校尉,方形之阵,,,,,,,,,中原,,,,是,
601,潘浚,潘濬,男,22,68,72,46,32,75,105,短弓,短枪兵,短枪兵,长史,方形之阵,,,,,,,,,中原,,,,是,
602,潘隐,潘隱,男,68,62,81,45,75,75,100,直剑,弩兵,弩兵,侍郎,方形之阵,,,,,,,,,中原,,,,是,
603,滕胤,滕胤,男,40,78,77,46,50,75,50,朴刀,短弓兵,短弓兵,长史,方形之阵,,,,,,,,,中原,,,,是,
604,滕丽,滕麗,女,55,80,77,48,58,80,60,短锥枪,女兵,轻步兵,侍郎,钩形之阵,,,,20,,,滕胤,,中原,,,,是,
605,稽康,稽康,男,23,88,72,49,80,75,70,直剑,弩兵,弩兵,长史,方形之阵,,,,,,,,,中原,,,,是,
606,蒋石,蔣石,男,61,62,80,44,45,70,60,直剑,轻步兵,轻步兵,侍郎,方形之阵,,,,,,,,,中原,,,,是,
607,蒋钦,蔣欽,男,78,72,86,45,60,85,126,直剑,猛兽兵,猛兽兵,侍郎,方形之阵,,,,,,,,,中原,,,,是,
608,蒋舒,蔣舒,男,82,36,85,39,75,75,70,短锥枪,轻步兵,轻步兵,校尉,方形之阵,,,,,,,,,中原,,,,是,
609,蒋琬,蔣琬,男,56,91,79,48,66,85,77,朴刀,短枪兵,短枪兵,长史,方形之阵,,,,,,,,,中原,,,,是,
610,蒋干,蔣幹,男,23,68,72,45,35,70,147,直剑,短弓兵,短弓兵,长史,方形之阵,,,,,,,,,中原,,,,是,
611,蒋义渠,蔣義渠,男,72,41,84,40,36,70,103,短弓,短枪兵,短枪兵,校尉,方形之阵,,,,,,,,,中原,,,,是,
612,蒋济,蔣濟,男,32,86,76,49,33,85,32,短锥枪,猛兽兵,猛兽兵,长史,方形之阵,,,,,,,,,中原,,,,是,
613,蔡中,蔡中,男,50,37,78,39,32,70,36,短锥枪,轻步兵,轻步兵,校尉,方形之阵,,,,,,,,,中原,,,,是,
614,蔡和,蔡和,男,53,40,80,40,25,80,36,朴刀,短枪兵,短枪兵,校尉,方形之阵,,,,,,,,,中原,,,,是,
615,蔡邕,蔡邕,男,24,82,73,46,80,80,19,短弓,投石车,投石车,长史,方形之阵,,,,,,,,,中原,,,,是,
616,蔡阳,蔡陽,男,73,51,75,40,68,75,27,朴刀,女兵,女兵,侍郎,方形之阵,,,,,,曹操,,,中原,,,,是,
617,蔡琰,蔡琰,女,32,89,75,50,80,80,40,短弓,女兵,弩兵,侍郎,钩形之阵,20,20,20,20,30,,蔡邕,,中原,,,,是,
618,蔡瑁,蔡瑁,男,81,72,85,45,34,75,36,短锥枪,轻步兵,短弓兵,侍郎,方形之阵,,,,,,,,,中原,,,,是,
619,蔡勋,蔡勳,男,74,55,81,41,40,75,30,短锥枪,轻步兵,轻步兵,侍郎,方形之阵,,,,,,蔡瑁,,,中原,,,,是,
620,蔡薇,蔡薇,女,75,81,81,47,45,80,35,朴刀,女兵,短枪兵,侍郎,箭矢之阵,20,,,,,,蔡瑁,,中原,,,,是,
621,诸葛均,諸葛均,男,43,78,78,47,84,80,76,短锥枪,轻步兵,轻步兵,长史,方形之阵,,,,,,,,,中原,,,,是,
622,诸葛直,諸葛直,男,63,58,81,41,50,75,100,直剑,轻步兵,轻步兵,侍郎,方形之阵,,,,,,,,,中原,,,,是,
623,诸葛芸,諸葛芸,女,26,90,80,48,88,85,73,短锥枪,女兵,投石车,侍郎,圆形之阵,20,20,20,30,20,,诸葛亮,,中原,,,,是,
624,诸葛亮,諸葛亮,男,75,100,81,52,100,80,75,直剑,弩兵,弩车,侍郎,圆形之阵,30,30,10,10,10,刘备,,,中原,是,,,是,
625,诸葛恪,諸葛恪,男,55,93,81,48,69,75,122,朴刀,女兵,女兵,长史,方形之阵,20,20,,,,,诸葛瑾,,中原,,,,是,
626,诸葛琪,諸葛琪,女,63,81,80,48,80,80,120,直剑,女兵,弩车,侍郎,钩形之阵,20,20,,,,,诸葛瑾,,中原,,,,是,
627,诸葛瑾,諸葛瑾,男,42,91,78,48,80,70,122,朴刀,弩车,弩车,长史,方形之阵,30,30,10,10,10,,,,中原,,,,是,
628,诸葛诞,諸葛誕,男,84,73,85,46,30,85,38,短锥枪,弩兵,弩兵,侍郎,方形之阵,,,,,,,,,中原,,,,是,
629,诸葛靓,諸葛靚,男,75,72,85,46,35,80,40,朴刀,弩兵,弩兵,侍郎,方形之阵,20,20,,,,,诸葛诞,,中原,,,,是,
630,邓冰,鄧冰,女,72,81,84,48,70,80,50,短锥枪,女兵,弩车,侍郎,圆形之阵,20,20,20,30,20,,邓艾,,中原,,,,是,
631,邓艾,鄧艾,男,84,94,87,50,69,80,44,短锥枪,轻步兵,轻步兵,侍郎,方形之阵,20,20,20,30,20,,,,中原,,,,是,
632,邓忠,鄧忠,男,77,52,86,41,56,80,44,铜长刀,短弓兵,短弓兵,侍郎,方形之阵,,,20,,,,邓艾,,中原,,,,是,
633,邓芝,鄧芝,男,58,85,81,48,58,70,73,短锥枪,短弓兵,短弓兵,侍郎,方形之阵,,,,,,,,,中原,,,,是,
634,邓茂,鄧茂,男,76,31,86,38,45,80,11,铜长刀,黄巾兵,黄巾兵,校尉,方形之阵,,,,,,张角,,,中原,,,,是,
635,邓贤,鄧賢,男,69,64,82,45,38,85,51,短弓,黄巾兵,黄巾兵,侍郎,方形之阵,,,,,,刘璋,,,中原,,,,是,
636,邓飏,鄧颺,男,64,53,81,41,30,85,38,短锥枪,轻步兵,轻步兵,侍郎,方形之阵,,,,,,,,,中原,,,,是,
637,巩志,鞏志,男,73,70,86,46,60,75,80,短弓,弩兵,猛兽兵,侍郎,方形之阵,,,,,,,,,中原,,,,是,
638,巩都,鞏都,男,75,69,85,46,60,75,80,直剑,短枪兵,短枪兵,侍郎,方形之阵,,,,,,,,,中原,,,,是,
639,鲁珍,魯珍,女,60,85,82,49,90,80,120,短锥枪,女兵,弩兵,侍郎,钩形之阵,,,,20,,,鲁肃,,中原,,,,是,
640,鲁肃,魯肅,男,62,96,82,50,92,80,125,短锥枪,短弓兵,弩兵,长史,方形之阵,,,,20,,孙坚,,,中原,,,,是,
641,卢植,盧植,男,71,84,84,46,77,85,87,朴刀,轻步兵,轻步兵,侍郎,方形之阵,,,,,,,,,中原,,,,是,
642,穆顺,穆順,男,63,31,72,37,50,70,99,短锥枪,短枪兵,短枪兵,校尉,方形之阵,,,,,,,,,中原,,,,是,
643,钱铜,錢銅,男,65,61,81,45,46,70,45,直剑,黄巾兵,黄巾兵,侍郎,方形之阵,,,,,,,,,中原,,,,是,
644,阎宇,閻宇,男,55,36,80,38,25,70,50,朴刀,轻步兵,轻步兵,校尉,方形之阵,,,,,,,,,中原,,,,是,
645,阎柔,閻柔,男,61,50,81,41,65,70,60,短锥枪,轻步兵,轻步兵,侍郎,方形之阵,,,,,,,,,中原,,,,是,
646,阎圃,閻圃,男,31,80,75,46,47,75,5,短锥枪,短弓兵,短弓兵,长史,方形之阵,,,,,,,,,中原,,,,是,
647,阎芝,閻芝,男,80,50,85,41,70,75,70,朴刀,轻步兵,轻步兵,校尉,方形之阵,,,,,,,,,中原,,,,是,
648,阎象,閻象,男,42,77,78,45,75,75,130,直剑,短弓兵,短弓兵,长史,方形之阵,,,,,,袁术,,,中原,,,,是,
649,阎温,閻溫,男,33,70,76,41,45,70,30,朴刀,弩兵,弩兵,长史,方形之阵,,,,,,,,,中原,,,,是,
650,霍戈,霍戈,男,72,70,82,41,70,75,78,短锥枪,轻步兵,猛兽兵,侍郎,方形之阵,,,,,,,,,中原,,,,是,
651,霍峻,霍峻,男,77,66,85,44,46,70,61,直剑,短枪兵,短枪兵,侍郎,方形之阵,,,,,,,,,中原,,,,是,
652,骆俊,駱俊,男,51,82,80,47,38,70,20,短弓,轻步兵,轻步兵,长史,方形之阵,,,,,,,,,中原,,,,是,
653,骆统,駱統,男,65,63,82,44,30,70,13,朴刀,轻步兵,轻步兵,侍郎,方形之阵,,,,,,,骆俊,,中原,,,,是,
654,鲍信,鮑信,男,38,69,71,40,44,70,27,短锥枪,短弓兵,短弓兵,长史,方形之阵,,,,,,,,,中原,,,,是,
655,鲍隆,鮑隆,男,66,36,83,39,20,85,56,铜长刀,弩兵,弩兵,校尉,方形之阵,,,,,,,,,中原,,,,是,
656,戴员,戴員,男,50,42,80,39,20,70,20,朴刀,轻步兵,轻步兵,侍郎,方形之阵,,,,,,,,,中原,,,,是,
657,戴陵,戴陵,男,68,53,82,41,45,70,30,短锥枪,弩兵,弩兵,侍郎,方形之阵,,,,,,,,,中原,,,,是,
658,濮阳兴,濮陽興,男,43,89,78,48,80,80,120,朴刀,短弓兵,短弓兵,长史,方形之阵,,,,,,,,,中原,,,,是,
659,糜竺,糜竺,男,30,78,74,46,71,80,79,直剑,短弓兵,短弓兵,长史,方形之阵,20,20,,,,,,,中原,,,,是,
660,糜芳,糜芳,男,70,41,84,39,39,70,82,短锥枪,轻步兵,轻步兵,校尉,方形之阵,,,,,,,,,中原,,,,是,
661,糜贞,糜貞,女,63,73,77,43,51,70,78,短弓,女兵,短弓兵,侍郎,圆形之阵,20,20,20,20,30,,,刘备,中原,,,,是,
662,薛综,薛綜,男,32,67,75,44,27,70,135,直剑,短枪兵,短枪兵,长史,方形之阵,,,,,,,,,中原,,,,是,
663,薛莹,薛瑩,男,45,65,76,44,30,75,130,铜长刀,轻步兵,轻步兵,长史,方形之阵,,,,,,,薛综,,中原,,,,是,
664,谢景,謝景,男,43,71,79,43,65,70,40,朴刀,短弓兵,短弓兵,长史,方形之阵,,,,,,,,,中原,,,,是,
665,钟绅,鍾紳,男,71,42,72,37,75,75,24,短锥枪,短枪兵,短枪兵,校尉,方形之阵,,,,,,,,,中原,,,,是,
666,钟会,鍾會,男,64,96,82,49,55,75,20,短弓,短枪兵,短枪兵,长史,方形之阵,,,,,20,,钟繇,,中原,,,,是,
667,钟缙,鍾縉,男,68,53,73,40,60,70,24,直剑,轻步兵,轻步兵,侍郎,方形之阵,,,,,,,,,中原,,,,是,
668,钟繇,鍾繇,男,18,79,73,46,34,85,20,直剑,弩兵,弩兵,长史,方形之阵,,,,,,,,,中原,,,,是,
669,隐蕃,隱蕃,男,28,90,74,48,85,75,120,短弓,弩兵,弩兵,长史,方形之阵,,,,,,,,,中原,,,,是,
670,韩玄,韓玄,男,68,33,83,39,26,80,19,短锥枪,轻步兵,轻步兵,校尉,方形之阵,,,,,,,,,中原,,,,是,
671,韩忠,韓忠,男,69,42,83,41,51,70,16,朴刀,黄巾兵,黄巾兵,校尉,方形之阵,,,,,,,,,中原,,,,是,
672,韩浩,韓浩,男,78,44,84,40,33,85,24,短锥枪,短枪兵,短枪兵,校尉,方形之阵,,,,,,,,,中原,,,,是,
673,韩嵩,韓嵩,男,28,70,74,45,31,85,40,直剑,弩兵,弩兵,长史,方形之阵,,,,,,,,,中原,,,,是,
674,韩当,韓當,男,75,66,85,44,85,70,130,朴刀,轻骑兵,轻骑兵,侍郎,方形之阵,,,,,,,,,中原,,,,是,
675,韩遂,韓遂,男,63,78,82,47,30,85,70,直剑,蛮兵,蛮兵,侍郎,方形之阵,,,,,,,,,中原,,,,是,
676,韩福,韓福,男,52,71,70,41,61,70,27,短锥枪,弩兵,弩兵,长史,方形之阵,,,,,,曹操,,,中原,,,,是,
677,韩暹,韓暹,男,66,32,83,39,35,75,10,铜长刀,短枪兵,短枪兵,校尉,方形之阵,,,,,,,,,中原,,,,是,
678,韩融,韓融,男,62,56,80,42,45,75,25,直剑,轻步兵,轻步兵,侍郎,方形之阵,,,,,,,,,中原,,,,是,
679,韩黛,韓黛,女,78,78,85,45,45,80,130,短锥枪,女兵,短枪兵,侍郎,箭矢之阵,20,20,20,30,20,,韩馥,,中原,,,,是,
680,韩馥,韓馥,男,69,46,83,41,44,75,139,铜长刀,轻步兵,轻步兵,校尉,方形之阵,,,,,,,,,中原,,,,是,
681,扰龙宗,擾龍宗,男,73,68,84,42,50,75,35,短弓,短枪兵,短枪兵,侍郎,方形之阵,,,,,,,,,中原,,,,是,
682,简雍,簡雍,男,34,76,76,45,85,70,73,直剑,弩兵,弩兵,长史,方形之阵,,,,,,刘备,,,中原,,,,是,
683,聂友,聶友,男,54,66,72,44,60,75,110,直剑,轻步兵,轻步兵,侍郎,方形之阵,,,,,,,,,中原,,,,是,
684,颜良,顏良,男,93,37,89,40,84,85,100,铜长刀,轻步兵,短弓兵,校尉,箭矢之阵,20,20,30,20,20,,,,中原,是,,,是,
685,魏攸,魏攸,男,71,30,84,44,65,70,60,短锥枪,轻步兵,轻步兵,校尉,方形之阵,,,,,,,,,中原,,,,是,
686,魏延,魏延,男,94,70,89,43,36,85,75,铜长刀,短弓兵,轻骑兵,校尉,方形之阵,20,20,30,20,20,,,,中原,是,,,是,
687,魏讽,魏諷,男,56,55,73,42,40,75,25,直剑,轻步兵,轻步兵,侍郎,方形之阵,,,,,,,,,中原,,,,是,
688,魏腾,魏騰,男,72,43,84,41,60,75,130,短锥枪,轻步兵,轻步兵,校尉,方形之阵,,,,,,,,,中原,,,,是,
689,魏续,魏續,男,71,45,84,42,40,70,11,短锥枪,短弓兵,短弓兵,校尉,方形之阵,,,,,,,,,中原,,,,是,
690,庞统,龐統,男,54,98,80,49,80,70,73,直剑,投石车,投石车,侍郎,圆形之阵,30,30,10,10,10,,,,中原,是,,,是,
691,庞义,龐義,男,29,62,74,43,34,80,67,短弓,轻步兵,轻步兵,长史,方形之阵,,,,,,,,,中原,,,,是,
692,庞德,龐德,男,93,76,88,47,58,75,39,短锥枪,短弓兵,短弓兵,侍郎,方形之阵,,,,,,,,,中原,,,,是,
693,谭雄,譚雄,男,81,34,86,39,58,85,129,短锥枪,弩兵,弩兵,校尉,方形之阵,,,,,,,,,中原,,,,是,
694,谯周,譙周,男,16,88,72,48,36,70,66,短弓,弩兵,弩兵,长史,方形之阵,,,,,,,,,中原,,,,是,
695,边张,邊張,男,68,63,82,43,30,85,70,直剑,短弓兵,短弓兵,侍郎,方形之阵,,,,,,,,,中原,,,,是,
696,关平,關平,男,83,70,87,46,82,70,75,短锥枪,短枪兵,轻骑兵,侍郎,箭矢之阵,20,20,20,30,20,,关羽,,中原,,,,是,
697,关羽,關羽,男,98,82,90,47,100,80,75,铜长刀,弩兵,轻骑兵,校尉,箭矢之阵,20,20,40,20,20,刘备,,,中原,是,,,是,
698,关索,關索,男,84,64,86,43,86,75,75,铜长刀,短弓兵,轻骑兵,侍郎,箭矢之阵,20,20,30,20,20,,关羽,,中原,,,,是,
699,关统,關統,男,85,72,86,45,80,80,80,铜长刀,轻骑兵,轻骑兵,侍郎,箭矢之阵,20,20,30,20,20,,关兴,,中原,,,,是,
700,关凤,關鳳,女,80,76,85,45,88,80,75,铜长刀,女兵,轻骑兵,侍郎,钩形之阵,20,20,30,20,20,,关羽,,中原,,,,是,
701,关兴,關興,男,87,71,87,45,87,85,75,铜长刀,短枪兵,轻骑兵,侍郎,箭矢之阵,20,20,30,20,20,,关羽,,中原,,,,是,
702,曲义,麴義,男,77,47,84,41,46,75,100,短锥枪,轻步兵,轻步兵,校尉,方形之阵,,,,,,,,,中原,,,,是,
703,曲演,麴演,男,65,60,79,43,45,70,60,直剑,匈奴兵,匈奴兵,侍郎,方形之阵,,,,,,,,,中原,,,,是,
704,祢衡,禰衡,男,20,91,72,48,80,75,41,朴刀,轻步兵,轻步兵,长史,方形之阵,30,30,10,10,10,,,,中原,,,,是,
705,严白虎,嚴白虎,男,79,43,85,41,42,70,40,铜长刀,轻骑兵,轻骑兵,校尉,箭矢之阵,,,,,,,,,中原,,,,是,
706,严如意,嚴如意,女,78,85,84,47,45,80,45,铜长刀,女兵,弩车,侍郎,钩形之阵,20,20,30,20,20,,严白虎,,中原,,,,是,
707,严政,嚴政,男,74,47,84,42,33,80,60,短锥枪,弩兵,弩兵,侍郎,方形之阵,,,,,,,,,中原,,,,是,
708,严畯,嚴畯,男,24,74,73,46,34,75,133,短弓,短枪兵,短枪兵,长史,方形之阵,,,,,,,,,中原,,,,是,
709,严纲,嚴綱,男,68,49,82,42,44,75,66,短锥枪,短枪兵,短枪兵,侍郎,方形之阵,,,,,,,,,中原,,,,是,
710,严舆,嚴輿,男,76,45,85,42,55,70,40,铜长刀,弩兵,弩兵,校尉,方形之阵,,,,,,严白虎,,,中原,,,,是,
711,严颜,嚴顏,男,89,72,87,45,94,85,69,短锥枪,短枪兵,短枪兵,侍郎,方形之阵,,,,,,,,,中原,,,,是,
712,苏飞,蘇飛,男,73,42,83,40,45,80,148,铜长刀,轻步兵,轻步兵,校尉,方形之阵,,,,,,,,,中原,,,,是,
713,阚泽,闞澤,男,48,78,79,45,72,70,134,短弓,短弓兵,短弓兵,长史,方形之阵,,,,,,,,,中原,,,,是,
714,顾雍,顧雍,男,22,74,73,46,43,75,129,直剑,轻步兵,轻步兵,长史,方形之阵,,,,,,,,,中原,,,,是,
715,龚英莲,龔英蓮,女,85,45,84,43,50,80,50,铜长刀,女兵,短弓兵,侍郎,圆形之阵,,,20,,,,龚景,,中原,,,,是,
716,龚都,龔都,男,72,28,83,37,38,75,74,直剑,黄巾兵,黄巾兵,校尉,方形之阵,,,,,,,,,中原,,,,是,
717,龚景,龔景,男,34,72,76,45,45,70,47,短弓,短弓兵,短弓兵,长史,方形之阵,,,,,,,,,中原,,,,是,
718,丘力居,丘力居,男,71,29,83,37,38,75,140,铜长刀,匈奴兵,匈奴兵,贵族,方形之阵,,,,,,,,,北方异族,,,,是,
719,北宫伯玉,北宮伯玉,男,58,66,72,44,60,75,110,铜长刀,匈奴兵,匈奴兵,贵族,方形之阵,,,,,,,,,北方异族,,,,是,
720,去卑,去卑,男,80,34,86,39,58,80,55,铜长刀,匈奴兵,匈奴兵,贵族,方形之阵,10,10,30,10,10,,,,北方异族,,,,是,
721,白虎文,白虎文,男,75,44,78,37,75,75,24,短锥枪,匈奴兵,匈奴兵,贵族,方形之阵,,,,,,,,,北方异族,,,,是,
722,步度根,步度根,男,77,71,86,40,45,75,80,朴刀,匈奴兵,匈奴兵,贵族,方形之阵,20,10,10,10,10,,,,北方异族,,,,是,
723,拓拔力微,拓拔力微,男,65,58,82,38,45,75,38,铜长刀,匈奴兵,匈奴兵,贵族,方形之阵,,,,,,,,,北方异族,,,,是,
724,于扶罗,於扶羅,男,75,54,83,39,80,75,65,铜长刀,匈奴兵,匈奴兵,贵族,方形之阵,10,10,20,10,10,,,,北方异族,,,,是,
725,越吉,越吉,女,77,62,84,43,30,80,40,短锥枪,短弓兵,匈奴兵,贵族,钩形之阵,10,10,10,20,10,彻里吉,,,北方异族,,,,是,
726,雅丹,雅丹,男,56,88,80,47,27,80,40,短弓,匈奴兵,弩车,贵族,圆形之阵,10,10,10,10,20,彻里吉,,,北方异族,,,,是,
727,彻里吉,徹里吉,男,83,49,87,41,47,85,45,短锥枪,匈奴兵,投石车,贵族,箭矢之阵,20,20,20,30,20,,,,北方异族,是,,,是,
728,苻健,苻健,男,78,69,86,44,46,75,61,朴刀,匈奴兵,弩兵,贵族,方形之阵,20,,,,,,,,北方异族,,,,是,
729,素利,素利,男,82,31,86,42,50,80,50,铜长刀,匈奴兵,匈奴兵,贵族,方形之阵,,,20,,,,,,北方异族,,,,是,
730,能臣抵之,能臣抵之,男,70,56,80,43,6,70,102,铜长刀,匈奴兵,匈奴兵,贵族,方形之阵,,,20,,,,,,北方异族,,,,是,
731,厥机,厥機,男,65,80,80,48,60,80,120,短弓,匈奴兵,短弓兵,贵族,方形之阵,,,,,20,,,,北方异族,,,,是,
732,普卢,普盧,男,67,60,80,45,37,75,70,朴刀,匈奴兵,匈奴兵,贵族,方形之阵,,,,,,,,,北方异族,,,,是,
733,无臣氐,無臣氐,男,85,22,88,35,25,75,25,铜长刀,匈奴兵,匈奴兵,贵族,方形之阵,20,,,,,,,,北方异族,,,,是,
734,弥加,彌加,男,51,78,80,41,69,70,85,铜长刀,匈奴兵,匈奴兵,贵族,方形之阵,,,,,,,,,北方异族,,,,是,
735,左贤王,左賢王,男,64,77,83,46,20,70,27,直剑,短弓兵,匈奴兵,贵族,钩形之阵,20,,,,,,,,北方异族,,,,是,
736,那楼,那樓,男,76,24,84,37,9,75,102,朴刀,匈奴兵,匈奴兵,贵族,方形之阵,20,,,,,,,,北方异族,,,,是,
737,呼厨泉,呼廚泉,男,91,21,89,37,45,85,23,铜长刀,弩兵,匈奴兵,贵族,方形之阵,,,30,,,,,月牙儿,北方异族,,,,是,
738,速仆丸,速僕丸,男,77,52,82,44,10,80,102,铜长刀,匈奴兵,匈奴兵,贵族,方形之阵,,,20,,,,,叶丝婉,北方异族,,,,是,
739,楼班,樓班,男,67,35,76,39,5,75,102,短弓,匈奴兵,弩车,贵族,方形之阵,,,,,20,,丘力居,,北方异族,,,,是,
740,蹋顿,蹋頓,男,79,56,85,43,50,80,100,短锥枪,匈奴兵,匈奴兵,贵族,箭矢之阵,,,,30,,,丘力居,,北方异族,,,,是,
741,泄归泥,泄歸泥,男,67,55,80,43,60,70,24,短弓,匈奴兵,匈奴兵,贵族,方形之阵,,,,,20,,,,北方异族,,,,是,
742,治元多,治元多,男,71,60,81,42,65,70,25,朴刀,匈奴兵,匈奴兵,贵族,方形之阵,20,,,,,,,,北方异族,,,,是,
743,治无戴,治無戴,男,70,44,81,41,77,75,110,铜长刀,弩兵,弩兵,贵族,方形之阵,,,20,,,,,,北方异族,,,,是,
744,千万,千萬,男,83,35,86,39,82,70,75,朴刀,短枪兵,短枪兵,贵族,方形之阵,20,,,,,,,喀丽儿,北方异族,,,,是,
745,俄何烧戈,俄何燒戈,男,60,71,80,42,23,75,68,短弓,匈奴兵,匈奴兵,贵族,方形之阵,,,,,20,,,,北方异族,,,,是,
746,月牙儿,月牙兒,女,85,51,86,41,55,80,40,朴刀,短枪兵,匈奴兵,贵族,箭矢之阵,30,20,20,20,20,,,呼厨泉,北方异族,,,,是,
747,依尔伦,依爾倫,女,80,46,85,39,50,80,30,铜长刀,弩兵,匈奴兵,贵族,钩形之阵,,,20,,,彻里吉,,,北方异族,,,,是,
748,喀丽儿,喀麗兒,女,71,67,80,43,40,80,45,短弓,匈奴兵,短弓兵,贵族,钩形之阵,20,20,20,20,30,,,千万,北方异族,,,,是,
749,呼兰,呼蘭,女,61,84,76,47,60,80,85,短锥枪,轻步兵,匈奴兵,贵族,箭矢之阵,20,20,20,30,20,,彻里吉,,北方异族,,,,是,
750,叶丝婉,葉絲婉,女,52,88,73,49,78,80,100,短弓,弩兵,匈奴兵,贵族,圆形之阵,10,30,10,10,30,,,速仆丸,北方异族,,,,是,
751,华黎,華黎,女,78,67,86,44,46,80,70,朴刀,短枪兵,匈奴兵,贵族,钩形之阵,20,,,,,,左贤王,,北方异族,,,,是,
752,穆塔儿,穆塔兒,女,60,78,76,43,80,80,50,短锥枪,匈奴兵,短枪兵,贵族,箭矢之阵,,,,20,,,,蹋顿,北方异族,,,,是,
753,预备13,預備13,男,67,35,76,39,5,75,102,短锥枪,匈奴兵,短枪兵,贵族,方形之阵,,,,,,,,,北方异族,,,,否,
754,预备14,預備14,男,67,35,76,39,5,75,102,短锥枪,匈奴兵,短枪兵,贵族,方形之阵,,,,,,,,,北方异族,,,,否,
755,预备15,預備15,男,67,35,76,39,5,75,102,短锥枪,匈奴兵,短枪兵,贵族,方形之阵,,,,,,,,,北方异族,,,,否,
756,预备16,預備16,男,67,35,76,39,5,75,102,短锥枪,匈奴兵,短枪兵,贵族,方形之阵,,,,,,,,,北方异族,,,,否,
757,预备17,預備17,男,67,35,76,39,5,75,102,短锥枪,匈奴兵,短枪兵,贵族,方形之阵,,,,,,,,,北方异族,,,,否,
758,预备18,預備18,男,67,35,76,39,5,75,102,短锥枪,匈奴兵,短枪兵,贵族,方形之阵,,,,,,,,,北方异族,,,,否,
759,预备19,預備19,男,67,35,76,39,5,75,102,短锥枪,匈奴兵,短枪兵,贵族,方形之阵,,,,,,,,,北方异族,,,,否,
760,预备20,預備20,男,67,35,76,39,5,75,102,短锥枪,匈奴兵,短枪兵,贵族,方形之阵,,,,,,,,,北方异族,,,,否,
761,兀突骨,兀突骨,男,88,18,88,37,66,85,53,铜长刀,蛮兵,蛮兵,战士,方形之阵,,,20,,,,,,南蛮,,,,是,
762,孟香,孟香,女,85,55,86,43,70,80,65,铜长刀,蛮兵,猛兽兵,战士,圆形之阵,20,20,30,20,20,,孟获,,南蛮,,,,是,
763,孟优,孟優,男,85,28,86,37,60,85,61,短锥枪,猛兽兵,猛兽兵,战士,方形之阵,20,20,20,30,20,孟获,,,南蛮,,,,是,
764,孟获,孟獲,男,89,52,88,41,69,80,60,铜长刀,蛮兵,猛兽兵,战士,箭矢之阵,20,20,40,20,20,,,祝融夫人,南蛮,是,,,是,
765,祝融夫人,祝融夫人,女,84,44,86,39,65,85,59,短锥枪,蛮兵,猛兽兵,战士,箭矢之阵,20,20,20,40,20,,,孟获,南蛮,是,,,是,
766,木鹿大王,木鹿大王,男,78,64,86,44,32,75,52,短锥枪,蛮兵,短弓兵,战士,方形之阵,,,,20,,,,,南蛮,,,,是,
767,朵思大王,朵思大王,男,80,65,85,43,60,70,54,铜长刀,猛兽兵,弩兵,战士,方形之阵,20,20,30,20,20,,,,南蛮,,,,是,
768,沙摩柯,沙摩柯,男,92,21,87,37,64,75,71,朴刀,猛兽兵,猛兽兵,战士,箭矢之阵,30,20,20,20,20,,,,南蛮,,,,是,
769,金环三结,金環三結,男,78,16,84,35,38,80,54,朴刀,蛮兵,蛮兵,战士,方形之阵,20,,,,,孟获,,,南蛮,,,,是,
770,迷当大王,迷當大王,男,81,36,86,40,36,70,51,短锥枪,短弓兵,蛮兵,战士,箭矢之阵,20,20,30,20,20,,,,南蛮,,,,是,
771,带来洞主,帶來洞主,男,70,26,83,38,31,70,59,朴刀,弩兵,蛮兵,战士,钩形之阵,20,,,,,,,,南蛮,,,,是,
772,忙牙长,忙牙長,男,69,27,83,39,48,70,51,短锥枪,蛮兵,蛮兵,战士,方形之阵,,,,20,,孟获,,,南蛮,,,,是,
773,阿会喃,阿會喃,男,77,28,85,38,48,85,62,朴刀,猛兽兵,弩兵,战士,方形之阵,20,,,,,孟获,,,南蛮,,,,是,
774,董荼那,董荼那,男,78,34,85,38,52,75,67,朴刀,蛮兵,短枪兵,战士,箭矢之阵,20,,,,,孟获,,,南蛮,,,,是,
775,轲比能,軻比能,男,85,41,87,41,56,75,43,短锥枪,蛮兵,蛮兵,战士,方形之阵,20,20,20,30,20,,,麻荷萝,南蛮,,,,是,
776,孟鹰,孟鷹,男,88,50,87,40,70,80,65,铜长刀,猛兽兵,蛮兵,战士,箭矢之阵,20,20,30,20,20,,孟获,,南蛮,,,,是,
777,孟狼,孟狼,男,90,31,87,37,75,80,60,朴刀,蛮兵,猛兽兵,战士,钩形之阵,30,20,20,20,20,,孟获,,南蛮,,,,是,
778,黑龙洞主,黑龍洞主,男,61,75,80,44,23,75,68,铜长刀,蛮兵,蛮兵,战士,箭矢之阵,,,20,,,,,银花夫人,南蛮,,,,是,
779,孟节,孟節,男,21,93,72,50,90,85,85,直剑,短枪兵,弩车,战士,圆形之阵,30,30,10,10,10,,,,南蛮,,,,是,
780,哈尼,哈尼,男,36,73,77,45,45,70,47,短弓,蛮兵,蛮兵,战士,方形之阵,,,,,20,孟获,,,南蛮,,,,是,
781,杨锋,楊鋒,男,70,36,83,39,30,80,69,短锥枪,猛兽兵,猛兽兵,战士,方形之阵,,,,20,,,,翠娃,南蛮,,,,是,
782,孔雀,孔雀,女,77,76,85,44,60,80,75,短弓,蛮兵,猛兽兵,战士,箭矢之阵,20,20,20,20,30,,带来洞主,,南蛮,,,,是,
783,阿诗玛,阿詩瑪,女,34,88,77,47,50,80,50,朴刀,猛兽兵,蛮兵,战士,圆形之阵,30,30,10,10,10,,沙摩柯,,南蛮,,,,是,
784,莎雅,莎雅,女,42,85,78,45,45,80,65,铜长刀,蛮兵,弩兵,战士,圆形之阵,,,20,,,,迷当大王,,南蛮,,,,是,
785,麻荷萝,麻荷蘿,女,76,78,84,45,85,80,75,短锥枪,弩兵,猛兽兵,战士,箭矢之阵,20,20,20,30,20,,,轲比能,南蛮,,,,是,
786,银花夫人,銀花夫人,女,63,79,80,45,40,80,70,铜长刀,短弓兵,蛮兵,战士,钩形之阵,20,20,30,20,20,,,黑龙洞主,南蛮,,,,是,
787,翠娃,翠娃,女,65,80,80,45,65,80,80,朴刀,蛮兵,猛兽兵,战士,钩形之阵,30,20,20,20,20,,,杨锋,南蛮,,,,是,
788,预备8,預備8,男,77,28,85,38,48,85,62,朴刀,蛮兵,猛兽兵,战士,方形之阵,,,,,,,,,南蛮,,,,否,
789,预备9,預備9,男,77,28,85,38,48,85,62,朴刀,蛮兵,猛兽兵,战士,方形之阵,,,,,,,,,南蛮,,,,否,
790,预备10,預備10,男,77,28,85,38,48,85,62,朴刀,蛮兵,猛兽兵,战士,方形之阵,,,,,,,,,南蛮,,,,否,
791,预备11,預備11,男,77,28,85,38,48,85,62,朴刀,蛮兵,猛兽兵,战士,方形之阵,,,,,,,,,南蛮,,,,否,
792,预备12,預備12,男,77,28,85,38,48,85,62,朴刀,蛮兵,猛兽兵,战士,方形之阵,,,,,,,,,南蛮,,,,否,
793,预备13,預備13,男,77,28,85,38,48,85,62,朴刀,蛮兵,猛兽兵,战士,方形之阵,,,,,,,,,南蛮,,,,否,
794,预备14,預備14,男,77,28,85,38,48,85,62,朴刀,蛮兵,猛兽兵,战士,方形之阵,,,,,,,,,南蛮,,,,否,
795,预备15,預備15,男,77,28,85,38,48,85,62,朴刀,蛮兵,猛兽兵,战士,方形之阵,,,,,,,,,南蛮,,,,否,
796,预备16,預備16,男,77,28,85,38,48,85,62,朴刀,蛮兵,猛兽兵,战士,方形之阵,,,,,,,,,南蛮,,,,否,
797,预备17,預備17,男,77,28,85,38,48,85,62,朴刀,蛮兵,猛兽兵,战士,方形之阵,,,,,,,,,南蛮,,,,否,
798,预备18,預備18,男,77,28,85,38,48,85,62,朴刀,蛮兵,猛兽兵,战士,方形之阵,,,,,,,,,南蛮,,,,否,
799,预备19,預備19,男,77,28,85,38,48,85,62,朴刀,蛮兵,猛兽兵,战士,方形之阵,,,,,,,,,南蛮,,,,否,
800,预备20,預備20,男,77,28,85,38,48,85,62,朴刀,蛮兵,猛兽兵,战士,方形之阵,,,,,,,,,南蛮,,,,否,
801,须佐之男,須佐之男,男,88,40,85,45,10,85,28,朴刀,浪人,轻骑兵,乡士,箭矢之阵,30,20,20,20,20,,,,倭国,,,,否,
802,大国主,大國主,男,81,65,83,43,85,80,27,铜长刀,浪人,忍者,乡士,方形之阵,20,20,30,20,20,,须佐之男,,倭国,,,,否,
803,建御名方,建御名方,男,90,28,87,37,26,75,75,铜长刀,浪人,轻骑兵,乡士,方形之阵,20,20,30,20,20,,大国主,,倭国,,,,否,
804,少彦名,少彥名,男,29,85,73,47,42,75,24,短锥枪,弩兵,弩兵,乡士,方形之阵,,,,20,,卑弥呼,,,倭国,,,,否,
805,大物主,大物主,男,74,80,81,44,40,75,50,朴刀,浪人,浪人,乡士,方形之阵,20,,,,,卑弥呼,,,倭国,,,,否,
806,建御雷,建御雷,男,90,25,86,36,95,85,25,铜长刀,忍者,浪人,乡士,箭矢之阵,20,20,30,20,20,卑弥呼,,,倭国,,,,否,
807,迩迩艺,邇邇藝,男,62,75,73,43,80,70,23,铜长刀,弩兵,弩兵,乡士,方形之阵,,,20,,,,卑弥呼,,倭国,,,,否,
808,山幸彦,山幸彥,男,70,70,76,41,62,70,35,铜长刀,忍者,忍者,乡士,方形之阵,,,,,,,,,倭国,,,,否,
809,海幸彦,海幸彥,男,65,66,73,40,60,70,24,朴刀,浪人,浪人,乡士,方形之阵,,,,,,,,,倭国,,,,否,
810,天手力男,天手力男,男,83,29,82,39,49,75,26,铜长刀,浪人,浪人,乡士,方形之阵,,,20,,,卑弥呼,,,倭国,,,,否,
811,小碓皇子,小碓皇子,男,90,76,85,45,90,80,75,朴刀,浪人,忍者,乡士,圆形之阵,30,20,20,20,20,卑弥呼,,,倭国,,,,否,
812,迦具土,迦具土,男,85,40,86,39,30,80,25,朴刀,浪人,浪人,乡士,方形之阵,30,20,20,20,20,卑弥呼,,,倭国,,,,否,
813,大山津见,大山津見,男,75,83,77,43,57,75,66,短锥枪,轻骑兵,轻骑兵,乡士,方形之阵,20,20,20,30,20,,,,倭国,,,,否,
814,久久能智,久久能智,男,58,74,73,43,40,70,24,铜长刀,浪人,浪人,乡士,方形之阵,,,20,,,卑弥呼,,,倭国,,,,否,
815,志那都彦,志那都彥,男,79,64,78,40,37,70,120,铜长刀,浪人,浪人,乡士,方形之阵,,,20,,,卑弥呼,,,倭国,,,,否,
816,棉津见,棉津見,男,59,75,73,43,61,75,25,朴刀,忍者,忍者,乡士,方形之阵,20,,,,,卑弥呼,,,倭国,,,,否,
817,阿昙,阿曇,男,82,66,84,41,66,75,77,铜长刀,浪人,浪人,乡士,方形之阵,,,20,,,卑弥呼,,,倭国,,,,否,
818,隼人,隼人,男,79,40,82,37,54,70,26,短锥枪,浪人,浪人,乡士,方形之阵,,,,20,,,,,倭国,,,,否,
819,神武,神武,男,85,81,85,47,80,80,130,朴刀,轻骑兵,轻骑兵,乡士,钩形之阵,30,20,20,20,20,卑弥呼,,,倭国,,,,否,
820,五濑,五瀨,男,82,46,80,43,89,75,25,短锥枪,忍者,忍者,乡士,方形之阵,,,,20,,,,,倭国,,,,否,
821,月读,月讀,女,73,91,79,48,80,80,90,铜长刀,浪人,弩车,乡士,圆形之阵,20,20,30,20,20,,,,倭国,,,,否,
822,玉依姬,玉依姬,女,63,81,75,44,49,70,25,短弓,短弓兵,忍者,乡士,方形之阵,20,20,20,20,30,卑弥呼,,,倭国,,,,否,
823,市寸岛姬,市寸島姬,女,62,75,74,40,60,75,25,朴刀,弩兵,忍者,乡士,方形之阵,20,,,,,卑弥呼,,,倭国,,,,否,
824,多纪理姬,多紀理姬,女,66,89,73,49,88,70,100,短锥枪,忍者,忍者,乡士,方形之阵,,,,20,,卑弥呼,,,倭国,,,,否,
825,多岐都姬,多岐都姬,女,83,42,79,39,69,75,25,铜长刀,忍者,浪人,乡士,方形之阵,,,20,,,卑弥呼,,,倭国,,,,否,
826,佐久夜姬,佐久夜姬,女,42,80,71,48,50,70,26,朴刀,浪人,短弓兵,乡士,方形之阵,20,,,,,卑弥呼,,,倭国,,,,否,
827,弟橘姬,弟橘姬,女,55,82,71,41,79,70,35,短弓,忍者,弩车,乡士,箭矢之阵,20,20,20,20,30,,,,倭国,,,,否,
828,须势理姬,須勢理姬,女,81,69,77,43,41,80,25,短锥枪,浪人,浪人,乡士,方形之阵,20,20,20,30,20,,,,倭国,,,,否,
829,丰玉姬,豐玉姬,女,70,80,73,42,46,75,9,短弓,浪人,浪人,乡士,方形之阵,20,20,20,20,30,卑弥呼,,,倭国,,,,否,
830,栉名田姬,櫛名田姬,女,51,86,72,45,59,70,27,铜长刀,忍者,忍者,乡士,方形之阵,,,20,,,卑弥呼,,,倭国,,,,否,
831,卑弥呼,卑彌呼,女,90,93,88,49,90,90,35,直剑,轻骑兵,尸兵,乡士,钩形之阵,40,20,20,20,20,,,,倭国,是,,,否,
832,贼将,賊將,男,75,40,124,50,47,100,73,直剑,长枪兵,长枪兵,侍郎,箭矢之阵,,,,,,,,,特殊单位,,是,92,是,神兽/仙人
833,叛将,叛將,男,80,39,122,50,47,100,73,直剑,重骑兵,重骑兵,侍郎,圆形之阵,,,,,,,,,特殊单位,,是,93,是,神兽/仙人
834,贪官,貪官,男,69,75,100,80,47,100,73,直剑,长弓兵,长弓兵,侍郎,钩形之阵,,,,,,,,,特殊单位,,是,94,是,
835,女贼,女賊,女,73,49,100,70,47,100,73,直剑,近卫兵,近卫兵,侍郎,箭矢之阵,,,,,,,,,特殊单位,,是,95,是,
836,变民,變民,男,81,45,126,55,47,100,73,直剑,黄巾长,黄巾长,侍郎,箭矢之阵,,,,,,,,,特殊单位,,是,96,是,神兽/仙人
837,山寨大王,山寨大王,男,90,36,150,70,47,100,73,直剑,藤甲兵,藤甲兵,侍郎,钩形之阵,,,,,,,,,特殊单位,,是,97,是,神兽/仙人
838,蛮族酋长,蠻族酋長,男,92,8,145,50,47,100,73,直剑,猛兽兵,猛兽兵,侍郎,圆形之阵,,,,,,,,,特殊单位,,是,98,是,神兽/仙人
839,叛国老贼,叛國老賊,男,81,78,120,100,47,100,73,直剑,强弩兵,强弩兵,侍郎,箭矢之阵,,,,,,,,,特殊单位,,是,99,是,神兽/仙人
840,绝代恶女,絕代惡女,女,88,70,120,100,47,100,73,直剑,近卫兵,近卫兵,侍郎,圆形之阵,,,,,,,,,特殊单位,,是,100,是,神兽/仙人
841,匈奴单于,匈奴單于,男,95,20,160,50,47,100,73,直剑,游骑兵,游骑兵,侍郎,圆形之阵,,,,,,,,,特殊单位,,是,101,是,神兽/仙人
842,山贼王,山賊王,男,95,70,165,100,47,100,73,直剑,投石车,投石车,侍郎,箭矢之阵,,,,,,,,,特殊单位,,是,102,是,神兽/仙人
843,山贼,山賊,男,90,50,150,75,47,100,73,直剑,黄巾长,黄巾长,侍郎,钩形之阵,,,,,,,,,特殊单位,,是,103,是,神兽/仙人
844,沉船,沉船,男,95,20,195,115,47,100,73,直剑,轻步兵,轻步兵,侍郎,方形之阵,,,,,,,,,特殊单位,,是,104,是,神兽/仙人
845,老虎,老虎,男,130,20,450,500,47,100,73,直剑,尸兵,尸兵,侍郎,方形之阵,,,,,,,,,特殊单位,,是,105,是,神兽/仙人
846,巨虎,巨虎,男,150,35,500,600,47,100,73,直剑,尸兵,尸兵,侍郎,方形之阵,,,,,,,,,特殊单位,,是,106,是,神兽/仙人
847,食人虎,食人虎,男,170,50,600,700,47,100,73,直剑,尸兵,尸兵,侍郎,方形之阵,,,,,,,,,特殊单位,,是,107,是,神兽/仙人
848,虎王,虎王,男,190,65,650,800,47,100,73,直剑,尸兵,尸兵,侍郎,方形之阵,,,,,,,,,特殊单位,,是,108,是,神兽/仙人
849,妖虎,妖虎,男,210,80,700,999,47,100,73,直剑,尸兵,尸兵,侍郎,方形之阵,,,,,,,,,特殊单位,,是,109,是,神兽/仙人
850,水妖,水妖,男,120,30,450,500,47,100,73,直剑,尸兵,尸兵,侍郎,方形之阵,,,,,,,,,特殊单位,,是,110,是,神兽/仙人
851,大水妖,大水妖,男,140,45,500,600,47,100,73,直剑,尸兵,尸兵,侍郎,方形之阵,,,,,,,,,特殊单位,,是,111,是,神兽/仙人
852,巨水妖,巨水妖,男,160,60,600,700,47,100,73,直剑,尸兵,尸兵,侍郎,方形之阵,,,,,,,,,特殊单位,,是,112,是,神兽/仙人
853,水妖王,水妖王,男,180,75,650,800,47,100,73,直剑,尸兵,尸兵,侍郎,方形之阵,,,,,,,,,特殊单位,,是,113,是,神兽/仙人
854,水妖皇,水妖皇,男,200,90,700,999,47,100,73,直剑,尸兵,尸兵,侍郎,方形之阵,,,,,,,,,特殊单位,,是,114,是,神兽/仙人
855,白玉麒麟,白玉麒麟,男,250,200,999,999,47,100,73,直剑,尸兵,尸兵,侍郎,方形之阵,,,,,,,,,特殊单位,,是,115,是,神兽/仙人
856,天马,天馬,男,230,190,900,900,47,100,73,直剑,尸兵,尸兵,侍郎,方形之阵,,,,,,,,,特殊单位,,是,116,是,神兽/仙人
857,龙马,龍馬,男,210,180,800,800,47,100,73,直剑,尸兵,尸兵,侍郎,方形之阵,,,,,,,,,特殊单位,,是,117,是,神兽/仙人
858,四不像,四不像,男,190,170,700,700,47,100,73,直剑,尸兵,尸兵,侍郎,方形之阵,,,,,,,,,特殊单位,,是,118,是,神兽/仙人
859,穷奇,窮奇,男,170,160,600,600,47,100,73,直剑,尸兵,尸兵,侍郎,方形之阵,,,,,,,,,特殊单位,,是,119,是,神兽/仙人
860,青龙,青龍,男,250,300,600,999,47,100,73,直剑,铁人,铁人,侍郎,方形之阵,,,,,,,,,特殊单位,,是,120,是,神兽/仙人
861,白虎,白虎,男,265,280,600,999,47,100,73,直剑,铁人,铁人,侍郎,方形之阵,,,,,,,,,特殊单位,,是,121,是,神兽/仙人
862,朱雀,朱雀,男,240,310,600,999,47,100,73,直剑,铁人,铁人,侍郎,方形之阵,,,,,,,,,特殊单位,,是,122,是,神兽/仙人
863,玄武,玄武,男,240,310,600,999,47,100,73,直剑,铁人,铁人,侍郎,方形之阵,,,,,,,,,特殊单位,,是,123,是,神兽/仙人
864,麒麟,麒麟,男,350,350,600,999,47,100,73,直剑,铁人,铁人,侍郎,方形之阵,,,,,,,,,特殊单位,,是,124,是,神兽/仙人
865,影青龙,影青龍,男,230,280,400,999,47,100,73,直剑,木人,木人,侍郎,方形之阵,,,,,,,,,特殊单位,,是,125,是,神兽/仙人
866,影白虎,影白虎,男,245,260,400,999,47,100,73,直剑,木人,木人,侍郎,方形之阵,,,,,,,,,特殊单位,,是,126,是,神兽/仙人
867,影朱雀,影朱雀,男,220,290,400,999,47,100,73,直剑,木人,木人,侍郎,方形之阵,,,,,,,,,特殊单位,,是,127,是,神兽/仙人
868,影玄武,影玄武,男,220,290,400,999,47,100,73,直剑,木人,木人,侍郎,方形之阵,,,,,,,,,特殊单位,,是,128,是,神兽/仙人
869,影麒麟,影麒麟,男,320,320,400,999,47,100,73,直剑,木人,木人,侍郎,方形之阵,,,,,,,,,特殊单位,,是,129,是,神兽/仙人
870,南华老仙,南華老仙,男,90,99,250,350,47,100,73,直剑,木人,木人,侍郎,方形之阵,,,,,,,,,特殊单位,,是,130,是,神兽/仙人
871,普静,普靜,男,240,310,999,999,47,100,73,直剑,木人,木人,侍郎,方形之阵,,,,,,,,,特殊单位,,是,131,是,神兽/仙人
872,于吉,于吉,男,220,290,800,999,100,100,49,直剑,尸兵,尸兵,侍郎,方形之阵,,,,,,,,,特殊单位,,是,132,是,神兽/仙人
873,桃源大仙,桃源大仙,男,350,350,999,999,100,100,49,直剑,木人,木人,侍郎,方形之阵,,,,,,,,,特殊单位,,是,133,是,神兽/仙人
874,仙道,仙道,男,120,200,300,650,100,100,49,直剑,木人,木人,侍郎,方形之阵,,,,,,,,,特殊单位,,是,134,是,神兽/仙人
875,散仙,散仙,男,140,220,400,750,100,100,49,直剑,木人,木人,侍郎,方形之阵,,,,,,,,,特殊单位,,是,135,是,神兽/仙人
876,大仙,大仙,男,160,240,500,850,100,100,49,直剑,木人,木人,侍郎,方形之阵,,,,,,,,,特殊单位,,是,136,是,神兽/仙人
877,神仙,神仙,男,180,260,600,950,100,100,49,直剑,木人,木人,侍郎,方形之阵,,,,,,,,,特殊单位,,是,137,是,神兽/仙人
878,天仙,天仙,男,200,280,700,999,100,100,49,直剑,木人,木人,侍郎,方形之阵,,,,,,,,,特殊单位,,是,138,是,神兽/仙人
879,石碑,石碑,男,50,50,50,50,100,100,49,直剑,木人,木人,侍郎,方形之阵,,,,,,,,,特殊单位,,是,139,是,
880,黄月英,黃月英,女,75,100,81,52,100,80,75,短锥枪,短枪兵,弩车,侍郎,方形之阵,10,30,10,30,10,,,诸葛亮,北方异族,,,,是,
881,聚宝洞府,聚寶洞府,男,94,97,1200,500,100,100,49,直剑,木人,木人,侍郎,,,,,,,,,,特殊单位,,是,141,否,神兽/仙人
882,聚宝大仙,聚寶大仙,男,94,97,1200,500,100,100,49,直剑,木人,木人,侍郎,,,,,,,,,,北方异族,,是,142,否,神兽/仙人
883,预备004,預備004,男,94,97,1200,500,100,100,49,直剑,木人,木人,侍郎,,,,,,,,,,北方异族,,是,143,否,神兽/仙人
884,预备005,預備005,男,94,97,1200,500,100,100,49,直剑,木人,木人,侍郎,,,,,,,,,,北方异族,,是,144,否,神兽/仙人
885,预备006,預備006,男,94,97,1200,500,100,100,49,直剑,木人,木人,侍郎,,,,,,,,,,北方异族,,是,145,否,神兽/仙人
886,预备007,預備007,男,94,97,1200,500,100,100,49,直剑,木人,木人,侍郎,,,,,,,,,,北方异族,,是,146,否,神兽/仙人
887,预备008,預備008,男,94,97,1200,500,100,100,49,直剑,木人,木人,侍郎,,,,,,,,,,北方异族,,是,147,否,神兽/仙人
888,预备009,預備009,男,94,97,1200,500,100,100,49,直剑,木人,木人,侍郎,,,,,,,,,,北方异族,,是,148,否,神兽/仙人
889,预备010,預備010,男,94,97,1200,500,100,100,49,直剑,木人,木人,侍郎,,,,,,,,,,北方异族,,是,149,否,神兽/仙人
890,预备011,預備011,男,94,97,1200,500,100,100,49,直剑,木人,木人,侍郎,,,,,,,,,,北方异族,,是,150,否,神兽/仙人
891,预备012,預備012,男,94,97,1200,500,100,100,49,直剑,木人,木人,侍郎,,,,,,,,,,北方异族,,是,151,否,神兽/仙人
892,预备013,預備013,男,94,97,1200,500,100,100,49,直剑,木人,木人,侍郎,,,,,,,,,,北方异族,,是,152,否,神兽/仙人
893,预备014,預備014,男,94,97,1200,500,100,100,49,直剑,木人,木人,侍郎,,,,,,,,,,北方异族,,是,153,否,神兽/仙人
894,预备015,預備015,男,94,97,1200,500,100,100,49,直剑,木人,木人,侍郎,,,,,,,,,,北方异族,,是,154,否,神兽/仙人
895,预备016,預備016,男,94,97,1200,500,100,100,49,直剑,木人,木人,侍郎,,,,,,,,,,北方异族,,是,155,否,神兽/仙人
896,预备017,預備017,男,94,97,1200,500,100,100,49,直剑,木人,木人,侍郎,,,,,,,,,,北方异族,,是,156,否,神兽/仙人
897,预备018,預備018,男,94,97,1200,500,100,100,49,直剑,木人,木人,侍郎,,,,,,,,,,北方异族,,是,157,否,神兽/仙人
898,预备019,預備019,男,94,97,1200,500,100,100,49,直剑,木人,木人,侍郎,,,,,,,,,,北方异族,,是,158,否,神兽/仙人
899,预备020,預備020,男,94,97,1200,500,100,100,49,直剑,木人,木人,侍郎,,,,,,,,,,北方异族,,是,159,否,神兽/仙人
900,预备021,預備021,男,94,97,1200,500,100,100,49,直剑,木人,木人,侍郎,,,,,,,,,,北方异族,,是,160,否,神兽/仙人
901,预备022,預備022,男,94,97,1200,500,100,100,49,直剑,木人,木人,侍郎,,,,,,,,,,北方异族,,是,161,否,神兽/仙人
